lat,0.0,2.8125,5.625,8.4375,11.25,14.0625,16.875,19.6875,22.5,25.3125,28.125,30.9375,33.75,36.5625,39.375,42.1875,45.0,47.8125,50.625,53.4375,56.25,59.0625,61.875,64.6875,67.5,70.3125,73.125,75.9375,78.75,81.5625,84.375,87.1875,90.0,92.8125,95.625,98.4375,101.25,104.0625,106.875,109.6875,112.5,115.3125,118.125,120.9375,123.75,126.5625,129.375,132.1875,135.0,137.8125,140.625,143.4375,146.25,149.0625,151.875,154.6875,157.5,160.3125,163.125,165.9375,168.75,171.5625,174.375,177.1875,180.0,182.8125,185.625,188.4375,191.25,194.0625,196.875,199.6875,202.5,205.3125,208.125,210.9375,213.75,216.5625,219.375,222.1875,225.0,227.8125,230.625,233.4375,236.25,239.0625,241.875,244.6875,247.5,250.3125,253.125,255.9375,258.75,261.5625,264.375,267.1875,270.0,272.8125,275.625,278.4375,281.25,284.0625,286.875,289.6875,292.5,295.3125,298.125,300.9375,303.75,306.5625,309.375,312.1875,315.0,317.8125,320.625,323.4375,326.25,329.0625,331.875,334.6875,337.5,340.3125,343.125,345.9375,348.75,351.5625,354.375,357.1875
-87.86379883923273,2.1182272,2.1174507,2.1157649,2.1135356,2.1106162,2.10759,2.1044583,2.1014988,2.0988088,2.0963821,2.0947454,2.0935235,2.0934155,2.0940442,2.0956323,2.0978925,2.1011627,2.1052766,2.1103914,2.1162064,2.1229353,2.130451,2.1382854,2.1465025,2.1547718,2.1629965,2.1709576,2.178595,2.1858208,2.1924205,2.1977248,2.2022133,2.2053316,2.207025,2.2075448,2.206602,2.204228,2.2006383,2.1956918,2.1892638,2.181529,2.1726463,2.1625717,2.1518035,2.1402168,2.1273475,2.1137521,2.0997338,2.0851629,2.0700202,2.0545983,2.039026,2.0234244,2.0077865,1.9922866,1.9771191,1.962392,1.9482987,1.934595,1.9208014,1.9066685,1.892655,1.8790454,1.8660865,1.8265369,1.8355143,1.8122656,1.7945013,1.7811674,1.7702461,1.7618917,1.755059,1.7477696,1.7420121,1.737605,1.7352002,1.7344253,1.7369354,1.7413503,1.7438395,1.7454975,1.7502018,1.7565167,1.7643478,1.7729794,1.7829618,1.794174,1.8061072,1.8179529,1.8291335,1.8388926,1.8487465,1.8584538,1.8672872,1.8758545,1.8841282,1.8918225,1.8991717,1.9060229,1.9124658,1.9183915,1.9243237,1.9303552,1.9364356,1.9427525,1.949462,1.9567167,1.9642621,1.9724959,1.9813627,1.9906008,2.0003562,2.0105317,2.0209649,2.0313566,2.041864,2.052071,2.062248,2.0718534,2.0808914,2.0890372,2.096371,2.1028285,2.1081226,2.1124175,2.1155906,2.1173613,2.1182578
-85.09652698831745,2.0470026,2.054139,2.0589378,2.061987,2.0645072,2.0678422,2.0726442,2.0796363,2.089336,2.101509,2.1155875,2.1310177,2.1468117,2.1624105,2.1770651,2.1906126,2.202457,2.2128286,2.221408,2.228539,2.234095,2.2384942,2.241547,2.243123,2.2437391,2.2437935,2.2431836,2.2426014,2.2421262,2.2420452,2.2428815,2.2447305,2.2473247,2.250191,2.2528415,2.2542672,2.2539058,2.250726,2.2440352,2.2327812,2.2172248,2.1978748,2.1749873,2.149684,2.1219623,2.0935705,2.0653727,2.0372992,2.0091352,1.980744,1.951932,1.9215008,1.8888352,1.8529997,1.8136836,1.7719649,1.7295754,1.684851,1.6420443,1.6027244,1.5644928,1.5297396,1.4956584,1.473258,1.4596134,1.452696,1.445564,1.4388824,1.4317346,1.4284711,1.4221379,1.4425323,1.4444627,1.4275273,1.3950393,1.3746914,1.3701786,1.3595504,1.355819,1.341877,1.336506,1.3360478,1.3397062,1.3438014,1.3597598,1.3827779,1.4086293,1.4349675,1.4592193,1.4859096,1.5160313,1.5439469,1.5634862,1.5872172,1.6126567,1.6321808,1.65506,1.6757225,1.6945443,1.7052612,1.7153475,1.7357984,1.7588772,1.7722636,1.7829891,1.7917408,1.7996768,1.8069574,1.8163196,1.824826,1.8318139,1.8393253,1.8455994,1.8498515,1.853819,1.8627452,1.8702232,1.8773749,1.8862869,1.8977321,1.9121298,1.9292372,1.948022,1.9679888,1.9879376,2.0068262,2.0231597,2.0367343
-82.31291294788636,1.8963904,1.896736,1.8893269,1.8788769,1.8698019,1.8677657,1.8763111,1.8975341,1.9312053,1.973477,2.0194526,2.0642388,2.1050436,2.141587,2.1747003,2.2068183,2.237961,2.2705407,2.3049266,2.3380878,2.3670316,2.3908644,2.4079843,2.4197671,2.4249544,2.424166,2.4171343,2.401934,2.3784134,2.3466368,2.3067842,2.2625804,2.219224,2.1815145,2.1553693,2.1452885,2.1506999,2.1669466,2.188591,2.2082593,2.2191563,2.218929,2.2093513,2.1916878,2.170474,2.1480932,2.1262488,2.104178,2.0788195,2.0465646,2.0050154,1.953115,1.8926582,1.8264797,1.7572793,1.6896598,1.6316648,1.5728701,1.5179257,1.4856286,1.4355224,1.4105679,1.401532,1.4272538,1.4231002,1.4206612,1.417356,1.4061518,1.3862635,1.3562535,1.3165443,1.2695687,1.218987,1.164497,1.1135665,1.0698898,1.0340495,1.0125518,1.0008314,1.006491,1.0255212,1.0551997,1.0974352,1.1272736,1.1411488,1.1386888,1.127772,1.1267799,1.1133746,1.0953938,1.0775012,1.0627549,1.0715863,1.0418934,1.0469986,1.0790175,1.1415833,1.2282629,1.3195308,1.4300495,1.5327548,1.5956496,1.6543905,1.7029374,1.7186861,1.7459866,1.7716856,1.7987446,1.8079338,1.7933344,1.8058126,1.8163769,1.86752,1.8178875,1.8127854,1.8084172,1.809496,1.8138465,1.8187412,1.8130229,1.8126776,1.8109481,1.8124675,1.8232987,1.840571,1.8587624,1.8753967,1.888797
-79.52560657265951,1.6660222,1.7113705,1.74078,1.7535775,1.7570032,1.7678648,1.7947465,1.8406743,1.8995166,1.9605353,2.016589,2.0626376,2.10557,2.1512337,2.2073755,2.2732296,2.3277705,2.376605,2.4084587,2.4131036,2.3882039,2.3362024,2.2663558,2.194364,2.1355832,2.1030345,2.1044369,2.1375635,2.1904128,2.244488,2.2799287,2.2826197,2.2527528,2.1980147,2.1351213,2.0877624,2.0731924,2.0922499,2.1301122,2.1622696,2.169184,2.142924,2.0927713,2.0402014,2.0091467,2.0120146,2.0448797,2.0874848,2.113381,2.1066842,2.0639725,1.9967242,1.9243418,1.861409,1.8094597,1.7591075,1.711086,1.6414188,1.5420785,1.4557949,1.413016,1.3749821,1.3530803,1.3380476,1.325116,1.2984025,1.254982,1.1892953,1.1021627,0.9986404,0.8811342,0.7727711,0.6940746,0.6038883,0.53834647,0.50190634,0.4924073,0.5094498,0.53357303,0.55858624,0.5955638,0.6271303,0.6817305,0.74554914,0.81699353,0.8956401,0.98540163,1.0797086,1.1450402,1.1884248,1.2067647,1.1953909,1.1541178,1.0912626,1.037408,0.9915142,0.9928357,1.0226324,1.0962902,1.2329592,1.3203585,1.4958485,1.6263871,1.6706135,1.7953793,1.9029342,1.994696,2.068093,2.112345,2.1006703,2.0347009,1.9626902,1.8734672,1.8492643,1.7837899,1.7321517,1.7311198,1.7766583,1.8430271,1.892581,1.9072444,1.8622667,1.7793714,1.6876777,1.6251491,1.5889479,1.5884293,1.6195658
-76.7368996803684,1.6546148,1.6859972,1.69383,1.6847113,1.6823509,1.7047542,1.7574695,1.833182,1.90167,1.9686438,2.0154014,2.0365057,2.070314,2.0974793,2.115334,2.1204646,2.0960515,2.0596864,2.0279992,2.0125098,2.0223217,2.057016,2.1045296,2.1423805,2.1468775,2.1034646,2.016261,1.9100552,1.8152388,1.7580717,1.736071,1.7338856,1.7264185,1.7046735,1.6785614,1.6561656,1.6655122,1.7183737,1.8073963,1.905477,1.9744654,1.9836875,1.927863,1.8318381,1.7370894,1.6820945,1.680047,1.7155957,1.7532325,1.7652951,1.7466362,1.7181638,1.7024958,1.6984298,1.6788913,1.6140667,1.4904388,1.3765815,1.2110556,1.1296707,1.1208082,1.0855234,0.98885363,0.87140363,0.7267742,0.604593,0.49712,0.4270903,0.3699428,0.30060777,0.21263745,0.14091218,0.11311663,0.10914194,0.14284736,0.19061384,0.28449148,0.36296204,0.43488958,0.5103538,0.5617483,0.58561355,0.5909575,0.5920825,0.61124235,0.6624384,0.7422647,0.8263086,0.91614133,1.0022615,1.0701635,1.1236892,1.156999,1.174856,1.1812385,1.1833615,1.1937741,1.2252084,1.2797879,1.3773606,1.4374365,1.5302657,1.5815638,1.6295675,1.6604345,1.7237095,1.7164629,1.6677396,1.4763805,1.3147858,1.279446,1.2337664,1.191521,1.1712629,1.1691822,1.1592492,1.12884,1.1794028,1.2723031,1.3922038,1.4696689,1.5062239,1.520484,1.5368186,1.5552579,1.5585791,1.5781393,1.6145124
-73.94751515398974,1.5567323,1.6072828,1.6413122,1.6559522,1.6597973,1.6786569,1.6973454,1.7145052,1.7192895,1.726143,1.7425194,1.7906765,1.8587992,1.926661,1.976399,2.0034485,2.007744,1.9925525,1.94912,1.8920866,1.8561586,1.8778471,1.9788274,2.0953228,2.1966143,2.2406914,2.1463149,1.8963741,1.6501776,1.4736754,1.413932,1.4362978,1.4892483,1.5249758,1.5424305,1.57472,1.6273856,1.6930065,1.7427498,1.7539711,1.7414427,1.7252474,1.714788,1.6901561,1.6236078,1.5232673,1.4325205,1.4057033,1.4413611,1.5041019,1.5560251,1.5812869,1.5900699,1.5748389,1.4996464,1.3667817,1.2339715,1.1714278,1.1769783,1.201924,1.0950028,0.68718004,-0.13509019,-0.8757596,-1.204287,-1.3063446,-1.2161458,-0.9571985,-0.6822569,-0.49890986,-0.40095475,-0.343637,-0.2953616,-0.2455237,-0.19538718,-0.14451422,-0.08822832,-0.01116942,0.09227952,0.2073949,0.32961413,0.4268576,0.4935375,0.5412317,0.6325443,0.7377756,0.8779386,0.9489213,0.98672366,1.0267448,1.0503191,0.96870595,1.0254369,1.0658567,1.0879498,1.115426,1.1388745,1.2129189,1.3051965,1.3384981,1.394512,1.4133865,1.4082325,1.3920944,1.3967781,1.3858035,1.3115921,1.1284618,0.87823987,0.7255964,0.67047566,0.6942244,0.7596531,0.8156685,0.8349028,0.8637138,0.9318603,1.0190921,1.0663879,1.0530246,1.0564407,1.0496359,1.1305741,1.2157305,1.3314855,1.3937597,1.4620123,1.5101166
-71.15775201158739,0.8187484,0.88286835,0.94180715,0.98590344,1.0198771,1.089887,1.095204,1.0827862,1.0175472,1.0188824,1.060043,1.2337968,1.3636798,1.4605167,1.533007,1.6335355,1.7212139,1.7721751,1.7629325,1.6899868,1.5866241,1.562913,1.6518532,1.840838,1.9245416,1.9215604,1.8503567,1.6988902,1.4992204,1.3953397,1.3819405,1.4247632,1.454527,1.4396449,1.3905064,1.355128,1.3857749,1.4820297,1.5834312,1.6252393,1.5888855,1.5170599,1.4705465,1.4677199,1.4725995,1.4423263,1.3814684,1.3379653,1.3341105,1.3533924,1.3516343,1.3395247,1.3386497,1.3445821,1.3036411,1.1686102,0.9663452,0.77506006,0.47893465,0.36867827,0.06871854,-0.38363215,-0.84865314,-0.95337903,-1.0036354,-0.9550492,-0.7863274,-0.5667078,-0.4162092,-0.35903686,-0.3573406,-0.36880976,-0.37331766,-0.36951032,-0.36015978,-0.3452075,-0.3220725,-0.29381415,-0.2646865,-0.23827262,-0.20883745,-0.16135338,-0.07905472,0.043571744,0.18627566,0.3229476,0.41563287,0.45234945,0.4722522,0.4954903,0.5343707,0.5874914,0.69704545,0.8482823,1.0050486,1.1191226,1.2780113,1.4576433,1.5675184,1.5659426,1.4664629,1.2973567,1.216438,1.2190746,1.2706416,1.2933213,1.1818026,0.864823,0.41853023,-0.066428505,-0.2828247,-0.29697502,-0.24149223,-0.17975932,-0.11816563,-0.03806943,0.07755668,0.22544466,0.36415452,0.4551868,0.49555185,0.5089285,0.53546506,0.5772114,0.64948064,0.7523564,0.772702,0.787852
-68.36775610831324,0.2848148,0.2879487,0.30408084,0.33092248,0.36490497,0.3901463,0.39878246,0.39732316,0.3925033,0.38863832,0.39361998,0.41056556,0.48421255,0.49675623,0.5177281,0.65385205,0.84364384,1.0862406,1.3107309,1.4227623,1.4083016,1.3142859,1.3363689,1.4405998,1.5218005,1.5762374,1.5264848,1.4328475,1.3301302,1.2688329,1.2621943,1.233215,1.1881685,1.1493086,1.1426665,1.1790156,1.213664,1.2075901,1.1736869,1.1581355,1.1774,1.1881659,1.1596293,1.1188791,1.1016126,1.1050502,1.1094021,1.1125422,1.1205004,1.1216501,1.0793141,0.994309,0.8253216,0.69117606,0.5628681,0.36365864,0.080618925,-0.15668353,-0.20616102,-0.15826806,-0.12271991,-0.07562398,-0.033719473,-0.055689737,-0.121777736,-0.20206797,-0.2357277,-0.211891,-0.17981182,-0.1929118,-0.2586996,-0.3263881,-0.35999438,-0.36632857,-0.3645059,-0.36062184,-0.34787592,-0.32450822,-0.3015665,-0.28674352,-0.28091255,-0.2833776,-0.2897745,-0.28609276,-0.2593532,-0.21677795,-0.17720123,-0.14152953,-0.09493931,-0.039328683,0.018612921,0.082964055,0.1627967,0.25395402,0.33684158,0.40159363,0.47477296,0.5678769,0.6657156,0.7598414,0.84230417,0.91059154,0.98773986,1.0472965,1.0826058,1.0784705,0.9551838,0.6042001,0.09629345,-0.33552378,-0.46339655,-0.3700018,-0.22698621,-0.1294741,-0.06031174,0.017549489,0.087000646,0.13803253,0.18514524,0.23390666,0.27217138,0.29596198,0.30981576,0.31654125,0.31631464,0.31146467,0.30314004,0.2916765
-65.57760701082788,0.28941688,0.27775973,0.267824,0.25205186,0.23539622,0.22627635,0.23516512,0.26841453,0.31141993,0.3442077,0.3601416,0.35590366,0.33292207,0.32081679,0.31838962,0.28332236,0.20811626,0.13365363,0.13071474,0.25078234,0.25348094,0.22362018,0.27588022,0.48380792,0.7668528,0.9084326,0.90083647,0.81348073,0.70865095,0.63251734,0.6850154,1.0787109,1.4866908,1.567567,1.4263211,1.2767192,1.2104179,1.206386,1.2249755,1.1982689,1.1784964,1.21494,1.1606727,1.0730314,0.96642923,0.8853662,0.82722247,0.7648379,0.7318186,0.6882042,0.6675484,0.6340178,0.6070833,0.54782784,0.4457494,0.3075318,0.1979385,0.18306836,0.22745104,0.26247635,0.26046154,0.23222132,0.18192871,0.10885053,0.03959888,-0.010632915,-0.0454532,-0.0829229,-0.12975012,-0.17121029,-0.20653628,-0.24131131,-0.2773258,-0.31096128,-0.3459897,-0.37819263,-0.37848374,-0.3417228,-0.30583,-0.29804543,-0.30301005,-0.2978866,-0.28913578,-0.28299564,-0.2667348,-0.23857117,-0.2099369,-0.17843813,-0.13746853,-0.095161654,-0.056679852,-0.010790378,0.046674,0.10632458,0.1601293,0.20748329,0.2443865,0.2692066,0.29107305,0.32645366,0.39075628,0.4924585,0.61426777,0.71539724,0.7559531,0.81563896,0.8995186,0.8372583,0.48108357,0.042137798,-0.15795808,-0.11790432,-0.017947817,0.04023746,0.08013277,0.13002183,0.17260113,0.20064767,0.23450506,0.27126914,0.29203615,0.30386052,0.3229274,0.33851457,0.33488834,0.3213396,0.31109446,0.30153766
-62.78735179896313,0.29375994,0.28240478,0.27336898,0.26010072,0.25235254,0.25359592,0.25563696,0.26474887,0.28226408,0.2984089,0.31705996,0.34315512,0.36110574,0.36909494,0.39312336,0.42700627,0.43255988,0.3986684,0.3683938,0.36370066,0.38133818,0.4208283,0.45976457,0.47956666,0.48818997,0.48432267,0.4501794,0.38623178,0.29968062,0.19803573,0.15404177,0.5080688,1.1051692,1.4467728,1.4785243,1.3783647,1.2769376,1.1998348,1.1654667,1.1547283,1.1198584,1.0492775,0.9790219,0.9323801,0.8891374,0.8431147,0.7960437,0.7243668,0.6350294,0.5708586,0.5392538,0.5257783,0.5099884,0.47957516,0.4266223,0.35479003,0.29751977,0.27699623,0.28292462,0.28736505,0.29232743,0.3019812,0.29218015,0.24632148,0.19261837,0.15314743,0.11763211,0.07802441,0.037798677,0.004006469,-0.043195993,-0.10804741,-0.17483044,-0.2225635,-0.2538658,-0.29580072,-0.33612907,-0.3507594,-0.33748904,-0.31327972,-0.28389227,-0.25343996,-0.23608892,-0.2232724,-0.19450244,-0.15931319,-0.13217513,-0.09968458,-0.061993696,-0.03408941,-0.004449137,0.038411103,0.07999496,0.11445335,0.15371028,0.19439669,0.22372457,0.24502273,0.27074736,0.2979087,0.3145681,0.3275046,0.3646986,0.41875905,0.42712188,0.3805633,0.3659809,0.42525274,0.41329074,0.21487762,0.04635335,-0.014213077,-0.015138027,-0.021258079,-0.0079237465,0.030090984,0.074589126,0.11310898,0.15491101,0.19029754,0.21388623,0.2401928,0.27128643,0.29466552,0.30300897,0.30936822,0.31584126,0.3098023
-59.997020108491355,0.27233097,0.27041695,0.26813507,0.26827568,0.26946867,0.26903334,0.26843682,0.27400643,0.28183582,0.2850576,0.2921299,0.31350908,0.34537292,0.3759196,0.39567965,0.40944666,0.4248553,0.44514048,0.4705716,0.4900188,0.5056338,0.5350101,0.56336576,0.5798601,0.6243957,0.6641978,0.5868476,0.43791834,0.3846925,0.32349008,0.23900302,0.3418241,0.55166334,0.7136828,0.8120044,0.87731546,0.8951498,0.8672392,0.8422716,0.8409016,0.8538633,0.85656965,0.8346549,0.813343,0.8081202,0.80711436,0.79702306,0.77080303,0.7409161,0.72428143,0.71900856,0.7226731,0.7068856,0.6316621,0.55437726,0.527686,0.5370308,0.5624053,0.573783,0.52375543,0.458304,0.4450549,0.45667326,0.43358633,0.38228205,0.34043625,0.30620876,0.2622113,0.2086945,0.1398219,0.040331006,-0.040800404,-0.06391428,-0.0828525,-0.13049297,-0.16519143,-0.17864157,-0.20947738,-0.25343078,-0.26528844,-0.24941996,-0.2068149,-0.15432775,-0.116982006,-0.08281734,-0.04906165,-0.025458526,0.0022620428,0.034899697,0.06419318,0.099359676,0.13258962,0.15343331,0.1812391,0.21838245,0.24457543,0.2665335,0.29615003,0.3171546,0.32790554,0.3472197,0.36977792,0.37893626,0.37896183,0.3683995,0.3522003,0.36203304,0.36519596,0.37483346,0.3919071,0.4271156,0.3793627,0.29327387,0.1988061,0.112790756,0.065711476,0.069268405,0.093976595,0.11092112,0.12870264,0.15406753,0.17849623,0.20219202,0.2348629,0.2615333,0.269671,0.2696757,0.27195403
-57.2066315276433,0.27503234,0.2780164,0.2772131,0.27920663,0.2888339,0.30022272,0.31619564,0.33763114,0.3536543,0.36478138,0.37736967,0.3851249,0.39298996,0.41282117,0.43272033,0.45210657,0.48277578,0.50722903,0.5207392,0.5422233,0.5622009,0.581345,0.6179208,0.66913766,0.7247092,0.76027584,0.7228945,0.61719364,0.54944324,0.48374116,0.42539188,0.43036976,0.48812398,0.5388331,0.5760163,0.61126864,0.6268253,0.6358634,0.64534926,0.6458617,0.6570479,0.6746169,0.6754607,0.6800464,0.69480777,0.6974282,0.69090563,0.6852005,0.6831777,0.68227595,0.68883514,0.73552084,0.7936787,0.7931996,0.77974546,0.79381543,0.8000694,0.8052578,0.7813268,0.6617674,0.5489587,0.5076552,0.5213981,0.54894274,0.5377528,0.50457835,0.4992508,0.49447027,0.45494628,0.37615004,0.22054745,0.015114298,-0.086918324,-0.073605,-0.050661676,-0.06775107,-0.088742845,-0.121820144,-0.15859045,-0.17905356,-0.19060135,-0.13130365,-0.014644799,0.056623388,0.08402497,0.09903923,0.098671414,0.1089005,0.14077036,0.17921567,0.2198099,0.254338,0.2823586,0.31099656,0.32913205,0.34353942,0.36696133,0.38634455,0.4038648,0.42712927,0.44246882,0.4427748,0.46513844,0.5394584,0.5653348,0.49538788,0.43216628,0.43028203,0.44050726,0.46368495,0.49056482,0.4650323,0.42304102,0.41479886,0.3819573,0.3292844,0.27652556,0.2212843,0.16914271,0.16086635,0.19228688,0.21687149,0.23626867,0.2728135,0.30292842,0.30927712,0.29979217,0.28206626
-54.41619952608627,0.362259,0.36115438,0.35801977,0.3584328,0.36023065,0.37194085,0.3973619,0.43631154,0.47866,0.5091033,0.5189628,0.51509595,0.5215174,0.5397787,0.54889417,0.54916644,0.5607222,0.5894857,0.6067326,0.61807805,0.63364464,0.65824765,0.70451844,0.7805968,0.8582859,0.9217637,0.9833619,0.93231565,0.6752699,0.56265867,0.6647991,0.70318484,0.683042,0.70879304,0.7506082,0.7840241,0.8062442,0.8175852,0.832037,0.84794176,0.8410292,0.81542176,0.794614,0.78339887,0.772652,0.7550047,0.7347148,0.7075662,0.6858605,0.699953,0.7516795,0.81615263,0.8156698,0.7569788,0.75655,0.7753273,0.7209057,0.66814196,0.66580844,0.6660907,0.6561864,0.627389,0.5809009,0.6012984,0.647766,0.6357902,0.62426,0.6288541,0.6138873,0.54131335,0.35277227,0.15516554,0.06849105,0.05366418,0.05762029,0.041455347,0.03374679,0.032672994,0.019101977,0.0047879885,0.028888976,0.1302958,0.23171087,0.25868753,0.24960734,0.22633736,0.2057016,0.23191075,0.2895379,0.33903962,0.3747531,0.40035975,0.420994,0.44089285,0.45136514,0.4612008,0.4797582,0.49908096,0.5166739,0.5185809,0.51416475,0.57423455,0.74095225,0.9423363,0.96338785,0.74762964,0.65834147,0.65149075,0.58509564,0.5158736,0.5069913,0.495928,0.48536223,0.5003892,0.5426287,0.6082687,0.5383306,0.46643513,0.40905008,0.3774483,0.398641,0.41017872,0.41392952,0.44223168,0.44001907,0.40759662,0.38645718,0.3695846
-51.625733674938296,0.57756907,0.5800263,0.61325794,0.64196104,0.61298406,0.5736929,0.5691328,0.6007532,0.6280352,0.6552195,0.6836916,0.68252444,0.68348944,0.6830514,0.68344426,0.6862381,0.6766918,0.6944127,0.7114968,0.718532,0.7296397,0.75692314,0.8438806,0.9739527,1.048377,1.0477304,1.0366527,1.0111272,0.8421459,0.78738177,0.89845145,0.94840944,0.9296639,0.95112324,1.0045799,1.0504231,1.0672233,1.077047,1.0883765,1.0920933,1.0568668,0.97644734,0.8843405,0.81979424,0.79399014,0.7347192,0.6344782,0.58986336,0.60538214,0.64159065,0.6608777,0.69960654,0.716624,0.677731,0.6796119,0.70004964,0.69663227,0.7027451,0.7223371,0.75302553,0.75405204,0.73610115,0.7012482,0.66988415,0.73227304,0.7873293,0.79006433,0.7730267,0.75159264,0.72817403,0.57478553,0.38000154,0.32431173,0.33144665,0.3411119,0.33518544,0.34051073,0.34835944,0.36211282,0.3774976,0.3847329,0.40517342,0.400673,0.38447535,0.37392557,0.35031083,0.33672896,0.35817614,0.4254777,0.4822834,0.4997671,0.5141434,0.52986014,0.54532737,0.56270987,0.5761963,0.5871703,0.5939853,0.59952635,0.6065148,0.62327576,0.77068645,1.0765767,1.2473273,1.074971,0.90108174,0.88816255,0.9038145,0.7352056,0.58164805,0.54871285,0.56266814,0.60689837,0.6807176,0.76261675,0.78652644,0.7489081,0.7222425,0.6975524,0.649898,0.6481079,0.6558714,0.646023,0.6464339,0.6060661,0.53814304,0.53201467,0.5646683
-48.83524096625064,0.8960479,0.88264585,0.86820436,0.8777839,0.87258595,0.84055895,0.8113327,0.8068397,0.8087857,0.81511325,0.82899815,0.8237668,0.8453667,0.8597372,0.8622349,0.85823935,0.8272898,0.8268948,0.8183486,0.8291329,0.85299397,0.8718089,0.9934187,1.1278595,1.1106168,1.0909369,1.1661943,1.2776313,1.3274277,1.2538574,1.1441174,1.0425766,0.98417056,1.0043508,1.0484396,1.0850629,1.0896693,1.0900106,1.0638613,1.0004478,0.91233134,0.79412514,0.6813646,0.6091651,0.5783932,0.53823936,0.50220037,0.5152952,0.55196774,0.57743156,0.60522306,0.68271977,0.7365618,0.73200226,0.7455942,0.7734884,0.78453654,0.8205988,0.85053015,0.9016629,0.9384993,0.89517254,0.88953066,0.9378423,1.07475,1.1560569,1.0871974,1.0297779,0.98072183,0.93588376,0.82633346,0.67506045,0.6317733,0.64752966,0.6585856,0.65051883,0.6511168,0.6392577,0.62809736,0.611169,0.58332825,0.56143796,0.5326765,0.5229913,0.5138639,0.508861,0.51196694,0.51761794,0.55013126,0.5742393,0.588667,0.6129574,0.63083106,0.64671916,0.65848696,0.66346306,0.67207426,0.684798,0.7044534,0.73150057,0.7213292,0.9384951,1.3538208,1.5398592,1.4564885,1.183634,1.0077014,0.8483836,0.69475454,0.6620485,0.7032836,0.77939403,0.8019074,0.8311225,0.90097636,0.91200066,0.87605894,0.83607966,0.81543154,0.829345,0.856304,0.8863635,0.91304374,0.9151776,0.8739744,0.82500523,0.83892745,0.8807242
-46.044726631101724,1.1484674,1.1246663,1.1051669,1.1144907,1.1165801,1.0817355,1.0486097,1.0185823,1.0141544,1.0071111,0.99347717,1.0096806,1.0786697,1.1223253,1.0942985,1.0300565,0.9923372,0.99758136,1.0063884,1.0352287,1.0126572,0.957128,0.9708387,1.0812387,1.1594971,1.1655339,1.2253078,1.2914594,1.3763015,1.340702,1.1954964,1.0414654,0.9561973,1.0053867,1.0269947,0.9979038,0.9523894,0.9064333,0.8275057,0.7275343,0.64084023,0.58208597,0.5529228,0.54626864,0.55891347,0.5694583,0.57871073,0.59712046,0.61276335,0.6405191,0.7705461,0.91543233,1.0694112,1.2227238,1.1242638,1.0049143,1.0129416,1.0160347,1.0669456,1.1762908,1.3351734,1.315825,1.3225386,1.5018274,1.5427834,1.3816844,1.190635,1.1137338,1.0616956,1.0105506,0.9456698,0.9073606,0.917419,0.91179055,0.8936575,0.87799335,0.8541084,0.8279813,0.79603386,0.75855327,0.7282142,0.70108634,0.6811495,0.66806656,0.65696454,0.65707684,0.6479078,0.65299094,0.6622948,0.67541105,0.7026205,0.72433144,0.7406249,0.74611884,0.74439454,0.7530637,0.7612231,0.79413503,0.80796176,0.8355042,0.7823924,0.92746013,1.4169137,1.70244,1.7726207,1.3320547,1.0865635,0.9080202,0.76717705,0.8409063,0.87237865,0.9006962,0.926029,0.949457,0.967411,0.971664,0.9640222,0.982105,1.0058333,1.028621,1.0958866,1.185366,1.2581455,1.253669,1.2024435,1.2052284,1.2223611,1.1824906
-43.25419466535099,1.2721989,1.2688087,1.2743328,1.2865521,1.297972,1.2876706,1.2962202,1.2984567,1.2737125,1.270394,1.2622286,1.2282776,1.2859627,1.3846525,1.4342026,1.370689,1.2143805,1.0472208,0.9837218,1.020859,0.98503274,0.90815693,0.88073057,0.8862152,0.9236394,0.9416592,0.981759,1.0146323,1.0713695,1.0908886,1.019624,0.9299938,0.8949995,0.89979845,0.88141817,0.8250288,0.78328824,0.753991,0.7131555,0.6928789,0.68583006,0.6869131,0.7034741,0.72345185,0.72592306,0.7078508,0.68507713,0.66419476,0.64462936,0.69758415,0.7820974,0.9424351,1.2230603,1.7051551,1.7256801,1.2766442,1.2557073,1.2338741,1.257334,1.3086171,1.4494172,1.5606071,1.5687928,1.630579,1.5250137,1.3005921,1.1787866,1.1680663,1.127623,1.1067691,1.0917442,1.0907183,1.0884352,1.0760925,1.0517465,1.0235429,0.9895746,0.9588076,0.92319256,0.8949588,0.862682,0.83518964,0.8133135,0.7995808,0.79088,0.7874762,0.78667617,0.788021,0.78317404,0.80615264,0.8325329,0.8549789,0.85056484,0.8418717,0.837761,0.8624207,0.87468,0.9087631,0.8957452,0.88352734,0.8390558,0.8718623,1.435378,1.790054,1.8985058,1.4447204,1.0517586,1.1307415,1.5199986,1.8346926,1.700097,1.4697862,1.2902732,1.2742367,1.2612976,1.2624073,1.2655219,1.2819989,1.2932066,1.2916107,1.3201154,1.3802228,1.4924734,1.4864147,1.3050025,1.2497927,1.2555479,1.2438287
-40.46364817811508,1.3425366,1.3547772,1.4154811,1.4946426,1.5940603,1.6995972,1.7025017,1.5157863,1.2766745,1.1688609,1.1749988,1.1606551,1.2162637,1.2806269,1.4370016,1.4337327,0.9950612,0.576353,0.44252035,0.45845774,0.56406176,0.65806955,0.69372946,0.6924021,0.6944176,0.69149375,0.712699,0.768,0.84352994,0.8687203,0.88462746,0.88608336,0.9122583,0.9111243,0.9109329,0.9003184,0.9172628,0.90865165,0.9172524,0.8968923,0.88061494,0.86715007,0.86553293,0.8598418,0.8342323,0.8046736,0.7702407,0.7535489,0.73168844,0.7536484,0.79086024,1.0682487,1.450115,1.7496173,2.0162964,1.4499304,1.362845,1.3707619,1.3711557,1.3886253,1.4582716,1.5501024,1.6268827,1.573431,1.3205092,1.2205405,1.2067331,1.2236207,1.2215004,1.2201873,1.2167308,1.2285696,1.2142493,1.1848799,1.1518214,1.1285875,1.0935248,1.0598903,1.0306851,1.0095294,0.9872838,0.9706179,0.9528673,0.9463911,0.93790823,0.9333653,0.92810804,0.92502755,0.926467,0.93767285,0.954406,0.9650357,0.9432186,0.94579506,0.94919425,0.9668844,0.97766674,0.9670573,0.9506761,0.8857534,0.8606783,0.82411385,1.3200402,1.8616213,1.718928,1.500979,1.184045,1.4017873,1.8425704,1.6440113,1.3656815,1.4690745,1.5115544,1.4892654,1.4420601,1.387183,1.3256416,1.271215,1.2326992,1.2097058,1.2387555,1.3671066,1.486991,1.3586084,1.1372256,1.1580251,1.2415886,1.3027527
-37.67308962904537,1.3853517,1.5020735,1.6455806,1.7644527,1.7974683,1.6868746,1.4467083,1.2331543,1.0566516,0.834413,0.5286233,0.3973195,0.46132395,0.54099363,0.55066824,0.529817,0.425024,0.418736,0.45965087,0.52250713,0.5922063,0.6388588,0.63848966,0.64536023,0.69227064,0.7547945,0.8151759,0.8461954,0.9185414,0.95666707,1.0073079,1.0416366,1.0757167,1.0854449,1.1207486,1.1342468,1.1467309,1.1176053,1.0809246,1.0316048,0.9801993,0.91373014,0.92357796,0.94236743,0.9366169,0.901438,0.8668839,0.8461088,0.8424513,0.88302237,1.0897025,1.3561876,1.5159153,1.5759021,2.1695259,1.8069426,1.4719129,1.4614642,1.4706954,1.4489746,1.4889848,1.5383286,1.6367967,1.5210029,1.2676603,1.2015873,1.2388324,1.2595037,1.2534633,1.2538011,1.2838011,1.3057972,1.2909528,1.262298,1.2327734,1.208848,1.1878048,1.1718973,1.1570444,1.1376585,1.1247569,1.102721,1.1017244,1.0846574,1.0756222,1.0571433,1.0506451,1.0403904,1.027094,1.0226356,1.0321879,1.0168507,1.0023321,0.9904523,1.0066787,1.0032729,0.9846502,0.95806307,0.89423704,0.83733195,0.7975854,0.7886921,1.3582114,2.0391085,1.5936046,1.5157704,1.2885084,1.2035751,1.2096152,1.203012,1.0898745,1.0594846,1.1596519,1.1368682,1.086165,1.0669768,1.0566382,1.0537522,1.0637976,1.0916005,1.1717187,1.245756,1.2131579,1.1091846,1.1290805,1.2493594,1.2942888,1.3372945
-34.8825209937735,1.3759797,1.5345635,1.6581734,1.6397456,1.4768574,1.2567574,1.1155232,1.4295232,1.2568649,1.1707561,0.9520927,0.712908,0.5150437,0.55900794,0.6316336,0.6814152,0.7426567,0.8272101,0.8513737,0.8681125,0.8753908,0.88198423,0.8890621,0.9306595,1.0046314,1.0627187,1.0650806,1.086294,1.131314,1.1820681,1.216878,1.2333993,1.2631702,1.2648321,1.2596629,1.226023,1.1896805,1.1425681,1.0959765,1.073676,1.0016543,1.1153411,1.1792998,1.0785738,1.0333084,0.95595217,0.93317574,0.91187197,0.9762248,1.2366405,1.4846112,1.6072377,1.6713371,1.6001397,1.997099,1.899051,1.586263,1.5319633,1.5393623,1.4911458,1.5033078,1.5446473,1.551356,1.3852758,1.2593536,1.2466892,1.268906,1.2763582,1.2784613,1.2815367,1.2954128,1.3164357,1.3080655,1.2981251,1.2891572,1.2781202,1.2739705,1.2644104,1.2630912,1.2468455,1.2367139,1.2071527,1.1949245,1.1626323,1.1503986,1.1181152,1.1098515,1.0788596,1.0672032,1.0351783,1.0247903,1.0023279,0.9762966,0.9765606,0.94594866,0.93555033,0.88769275,0.8572104,0.7806205,0.75400585,0.7019968,0.7857131,1.2756426,2.1963758,1.5737163,1.4805886,1.2537714,1.1905637,1.1077342,1.1275126,1.0932039,1.0378976,0.99671537,1.0520993,1.0289036,1.0492773,1.0430555,1.0447906,1.0458691,1.0557679,1.0572599,1.0276687,0.99374115,1.0331866,1.11423,1.1430912,1.1636393,1.2364048
-32.091943881744044,1.2616512,1.4064033,1.5017369,1.4172596,1.2535688,1.0563166,1.1499015,2.0947797,2.1512384,2.0838196,1.551939,1.0921469,1.0911498,1.0238194,1.0375754,1.0252837,1.0600216,1.0966891,1.1205574,1.1282766,1.1360723,1.1486529,1.1499686,1.1803977,1.1899018,1.2061912,1.2011615,1.2258039,1.2558448,1.2790307,1.2861518,1.2919211,1.2814168,1.2519814,1.2235333,1.1731812,1.1364305,1.1113722,1.1165539,1.1035243,1.0989935,1.7061397,1.9452393,1.7031584,1.4381394,1.1820421,1.0626756,1.1750606,1.4298536,1.6289023,1.617997,1.6710484,1.7190855,1.7089714,1.6117183,1.490725,1.3322328,1.3365128,1.3771759,1.3865021,1.4230843,1.4296713,1.4035697,1.3336493,1.3061421,1.3126229,1.3166994,1.3079159,1.3065745,1.3167248,1.3273152,1.3377289,1.3343308,1.3417819,1.3351369,1.3399439,1.3317773,1.3277441,1.311596,1.296652,1.2723365,1.24382,1.2136852,1.1767069,1.1437618,1.1124172,1.084654,1.0560791,1.020267,0.98741484,0.95073557,0.92049986,0.89097613,0.8694071,0.83620477,0.8116041,0.7602752,0.7395585,0.6876479,0.68902606,0.68449205,0.7871625,1.2238436,2.354685,1.7881441,1.4680607,1.2708806,1.1333294,1.1210365,1.095647,1.0891504,1.1061683,1.0588115,1.0924572,1.0551773,1.0405352,1.0020618,0.9828229,0.9385189,0.9070148,0.8846948,0.86733705,0.8828901,0.9135512,0.9478021,0.9916906,1.0587293,1.1465566
-29.301359621762764,1.2249221,1.3605902,1.3806633,1.2871367,1.1870444,1.0622187,1.4490825,2.2206225,2.3908813,2.441746,2.0851648,1.4670719,1.2050492,1.147932,1.1348367,1.1791668,1.2003827,1.2222168,1.2817619,1.2844356,1.2769735,1.2439684,1.2412155,1.2204413,1.2198879,1.2205181,1.2215219,1.2339636,1.2337109,1.2329748,1.2321424,1.2156209,1.2077715,1.1674122,1.1386771,1.1001253,1.0902535,1.1103696,1.1055433,1.1279315,1.1786475,1.8623527,2.1390617,1.9478984,1.7254558,1.6049391,1.5183324,1.5480586,1.590782,1.7041004,1.760849,1.7667912,1.8256534,1.7775973,1.6879922,1.4104639,1.353398,1.3697809,1.4065708,1.410728,1.416052,1.4156405,1.3960948,1.3863306,1.384702,1.3810844,1.3690065,1.3496438,1.3483744,1.3531637,1.3615408,1.3714563,1.3724847,1.3759115,1.3715243,1.3661067,1.3470546,1.3268389,1.297005,1.2696453,1.2278497,1.1970179,1.1520574,1.1178542,1.0738568,1.0383952,0.9940312,0.95031494,0.9148279,0.8717564,0.8448716,0.8014283,0.78179663,0.74785036,0.7291573,0.7039021,0.69513303,0.67484885,0.67531604,0.6646959,0.6898214,0.8354662,1.3081952,2.2640078,2.11187,1.4062271,1.4341245,1.1201385,1.1893247,1.2401496,1.2466705,1.0749457,1.080758,1.0550419,1.0205983,0.9742511,0.93985564,0.88851815,0.86291534,0.83564556,0.82432985,0.81056994,0.8190445,0.8474817,0.894383,0.95955014,1.0247244,1.120658
-26.510769325211022,1.3326898,1.3406565,1.2736064,1.1983777,1.1568433,1.2770756,2.220038,2.5059626,2.4936793,2.4561293,2.1694314,1.7350893,1.3319958,1.2009081,1.2217289,1.2907082,1.4447246,1.3035011,1.323346,1.2668215,1.2477016,1.2247304,1.2129848,1.2043496,1.1849483,1.1815665,1.1620002,1.1555248,1.1428604,1.1314602,1.1167865,1.1053344,1.0789666,1.0699329,1.0556922,1.0572193,1.0651907,1.079671,1.1060923,1.1383027,1.2533951,2.0661068,2.2234244,2.1390018,1.9155403,1.8557667,1.7284514,1.6498842,1.6606818,1.7610586,1.880936,1.8777066,1.8594047,1.8422158,1.7223727,1.4161984,1.448031,1.4510645,1.4729298,1.4780504,1.4613842,1.4505682,1.4405969,1.4411243,1.4219943,1.406478,1.3779875,1.3554587,1.3579586,1.3584514,1.3563873,1.3416291,1.3305526,1.3117045,1.2877614,1.2592506,1.2350252,1.1932548,1.1669178,1.1281382,1.0997946,1.0553361,1.0112052,0.9710921,0.93113667,0.8932905,0.8508753,0.8120523,0.7860876,0.7469163,0.7281344,0.70373887,0.69280416,0.6787688,0.6711436,0.66996014,0.67167324,0.67829293,0.67630655,0.66404045,0.77821547,0.93501455,1.3200535,2.127775,2.4804657,1.4521029,1.5340601,1.309013,1.26617,1.33008,1.4825687,1.045107,1.0493858,1.0629886,1.0186552,0.9705809,0.922189,0.8871719,0.85550946,0.83034855,0.822504,0.8195102,0.848264,0.89235127,0.955756,1.0319493,1.127435,1.2401074
-23.72017393353477,1.2991186,1.2328614,1.1819806,1.1504905,1.2042817,1.5572469,2.618406,2.5915897,2.5712483,2.4475355,2.2716537,1.9135327,1.7067922,1.3682125,1.3421171,1.4047023,2.171598,1.5719115,1.2551122,1.2491307,1.2487221,1.2374754,1.2413695,1.2238929,1.1975642,1.1781259,1.1535364,1.1383469,1.1251822,1.10429,1.098313,1.0759097,1.0645732,1.0626041,1.0599042,1.0891052,1.0916181,1.1322587,1.1411843,1.1503733,1.281901,2.1870885,2.2738528,2.1859984,1.9971201,1.9338056,1.8372105,1.7272848,1.6854067,1.7661009,1.8988265,1.8764343,1.8575451,1.8266473,1.5267137,1.406704,1.4271652,1.441417,1.4579517,1.476836,1.4463949,1.445342,1.4172677,1.4045829,1.3867223,1.3582503,1.3293592,1.2985003,1.2761263,1.2509264,1.2199259,1.189093,1.1533436,1.1205951,1.089091,1.0585045,1.0331452,1.0016402,0.97195697,0.9448708,0.91454446,0.8846991,0.8504593,0.82167804,0.78497905,0.7627627,0.7405909,0.718114,0.6962559,0.67916024,0.6662035,0.6563479,0.6465327,0.6596217,0.66315174,0.6807469,0.6859345,0.7032777,0.70378524,0.78227425,0.8902667,1.08237,1.2291471,2.1255653,2.3684824,1.8274117,1.5728223,1.5295703,1.4661779,1.2964036,1.4538759,1.3934457,1.1614882,1.0858738,1.0637299,0.9944137,0.95127714,0.9239221,0.9069942,0.90559703,0.9234849,0.9668418,1.0192336,1.091834,1.1640456,1.2509503,1.309744,1.3408997
-20.92957425448953,1.1803846,1.1427162,1.1451011,1.2098259,1.3813465,1.9842831,2.6565447,2.5218196,2.6633127,2.5942583,2.3979762,2.2403154,2.1108356,1.4296827,1.4156053,1.3910911,2.1721296,1.9885494,1.3024228,1.3200706,1.3369393,1.3064457,1.3065073,1.2805101,1.265105,1.2600029,1.236335,1.2255999,1.2045671,1.1812283,1.1715133,1.153206,1.1464201,1.1429697,1.1411864,1.1345483,1.1429336,1.1633548,1.1714318,1.1703742,1.2070917,1.5540012,1.8495461,2.1554615,2.12026,1.9739699,1.8902543,1.7835872,1.8643094,1.8592005,1.9484146,1.9050708,1.8375045,1.5232342,1.3816242,1.4010878,1.382111,1.3975979,1.4903274,1.5142401,1.4009593,1.3592536,1.3261397,1.3005599,1.288236,1.2421871,1.1926328,1.1538348,1.1187408,1.0869883,1.0551181,1.0336452,1.0106734,0.99110055,0.9697476,0.9503599,0.92744327,0.9098191,0.88901365,0.86937255,0.8432644,0.81924874,0.7924095,0.7635122,0.73961085,0.7078394,0.6791869,0.654353,0.6461438,0.63926333,0.6430962,0.64952666,0.6659946,0.6755619,0.70016867,0.72111875,0.7568626,0.7931664,0.8440907,0.9706178,1.0768292,1.320612,1.1855682,1.9342045,2.1466718,2.0186858,1.6070845,1.8392662,1.9096757,1.881085,1.793599,1.6775585,1.589975,1.3141656,1.1625378,1.0642756,1.0433568,1.0619218,1.0900084,1.1239163,1.1762068,1.2143509,1.2660844,1.3003516,1.3254169,1.3182783,1.2805964,1.2271314
-18.138970990239372,1.1744167,1.1988206,1.2836678,1.4442503,1.7719173,2.3896732,2.642673,2.7204678,2.6362305,2.7447686,2.5022895,2.3900626,2.445544,1.9677991,1.4648771,1.4297624,2.0786386,2.3165267,1.3379824,1.3817488,1.3190141,1.3340157,1.3248379,1.3057855,1.3016869,1.2828387,1.2542707,1.2460958,1.2121408,1.2033995,1.1925806,1.1843871,1.195903,1.1933424,1.1946216,1.1916751,1.1888105,1.1843873,1.1916571,1.2056183,1.2382776,1.2627063,1.3077086,1.519286,2.001122,1.8692883,1.8788996,1.9028962,2.0290797,1.9536767,1.9159896,1.9625411,1.635368,1.3569299,1.389859,1.3790692,1.3565251,1.340758,1.3599536,1.3705163,1.437202,1.2527853,1.2450583,1.3356067,1.2238699,1.1182238,1.0950769,1.0717194,1.0496303,1.0472543,1.0394378,1.0314211,1.0292332,1.0178303,1.0147613,0.99239504,0.97571594,0.9495851,0.9151752,0.8766217,0.8342287,0.7898586,0.75117546,0.7167619,0.69873834,0.68904907,0.68524474,0.6932402,0.69527143,0.7106737,0.7224008,0.7430626,0.772158,0.8079578,0.85336834,0.8948776,0.9726695,1.0224688,1.1235243,1.1947782,1.3007108,1.4455819,1.5036733,2.041822,2.0482538,2.067084,1.9550923,2.108819,2.1583185,2.1158688,1.9483337,1.9157329,1.9121658,1.6007571,1.3535008,1.2139492,1.2387798,1.2530359,1.2652427,1.290422,1.2995975,1.289239,1.2733593,1.2506253,1.2169882,1.2006317,1.1763569,1.1798418
-15.348364759491508,1.3202748,1.3556718,1.445016,1.6089219,1.8546785,2.186143,2.3235242,2.3397903,2.2653244,2.315697,2.4460945,2.484769,2.4797633,2.6073065,2.2426374,1.4582485,1.4821336,2.379123,1.4234586,1.3711507,1.3101106,1.3364636,1.3219385,1.2866756,1.2896209,1.2488143,1.2408632,1.2254633,1.221619,1.2205123,1.2280055,1.2319174,1.2252992,1.2274381,1.2241398,1.228221,1.2362502,1.2474457,1.2694359,1.2928164,1.3116661,1.333098,1.3766164,1.3955839,1.5752002,1.7886162,1.8414437,1.9643689,2.0841649,1.6181141,1.7114615,1.8506653,1.4025205,1.3647895,1.3657643,1.3319551,1.3106127,1.299545,1.2921728,1.396904,1.2986664,1.1885647,1.1865419,1.2210804,1.1444206,1.1075736,1.090802,1.0823448,1.0771523,1.0817763,1.0838071,1.0836214,1.0758991,1.0615997,1.0434655,1.0198106,0.9826477,0.94243336,0.89383554,0.8417222,0.8034658,0.77934194,0.77396584,0.77339655,0.7899633,0.8097971,0.83913517,0.8757084,0.91119856,0.94423074,0.98180443,1.0088204,1.0456204,1.090704,1.1264166,1.1986139,1.2382873,1.2994663,1.342859,1.4074079,1.5817338,1.8070138,2.0138264,1.9747415,2.0479524,2.348489,2.3021402,2.2836144,2.1790664,2.1815472,2.1106935,2.0246155,2.0594199,1.8987404,1.6197356,1.3255591,1.3361382,1.3207061,1.2757169,1.253723,1.2113029,1.1863564,1.1803108,1.1734227,1.1868494,1.2066895,1.2409204,1.2746384
-12.55775611523069,1.4382999,1.4682424,1.5315285,1.6636163,1.836441,1.9283795,1.8760623,2.0323632,2.1029577,1.9509265,2.0784276,2.3474388,2.3210995,2.5869758,2.4198046,1.4858865,1.4468032,1.7467208,1.3717194,1.3668923,1.330402,1.3444787,1.3341213,1.3111662,1.300858,1.2985313,1.2741708,1.286438,1.2754699,1.2809348,1.2785747,1.2710449,1.2643504,1.2612505,1.2597326,1.2735068,1.2847978,1.3126761,1.3349546,1.3452085,1.3525157,1.3782842,1.383547,1.4089504,1.428842,1.4770032,1.5255494,1.7852752,1.8960329,1.4458982,1.561141,1.5045093,1.2784324,1.3070598,1.2499585,1.2836764,1.2455233,1.234512,1.218518,1.2510864,1.1900663,1.1639732,1.143117,1.1368369,1.1235136,1.1187803,1.113115,1.1117762,1.11409,1.1124177,1.1136454,1.1086049,1.1064248,1.101287,1.087131,1.0749273,1.0523936,1.0238593,0.99785143,0.9746226,0.9564543,0.94673663,0.93823504,0.9502065,0.9657125,0.99096453,1.0255942,1.0520048,1.0888687,1.1178495,1.1511546,1.1845132,1.2306027,1.2679921,1.3170607,1.3619335,1.4331043,1.4790272,1.555533,1.6650776,1.7970009,1.857629,1.8793465,2.20381,2.3671706,2.185567,2.2404246,2.2093267,2.2092028,2.2272472,2.4103043,2.1456742,2.235247,2.1150339,1.8294724,1.3612813,1.3308017,1.2661518,1.2392678,1.2190671,1.217795,1.2170795,1.2282426,1.2536052,1.2819753,1.313098,1.36085,1.391422
-9.767145559195578,1.506977,1.5570241,1.573586,1.6913273,1.7334839,1.8637433,1.8816172,1.9386349,1.8791469,1.8870683,1.9746304,2.1313827,2.3817766,2.715078,1.9299,1.3847153,1.3871521,1.3508646,1.363348,1.3806964,1.388943,1.3711481,1.389104,1.3776729,1.371642,1.3765914,1.3577466,1.3477539,1.3494436,1.3288231,1.3342836,1.3166695,1.3133668,1.3026314,1.2993251,1.2801603,1.2778598,1.2398229,1.2531499,1.2925208,1.3576903,1.345389,1.3831915,1.4153305,1.4937028,1.4674371,1.3739719,1.3815707,1.3741375,1.381391,1.420362,1.3843894,1.4339943,1.4972132,1.202341,1.2145216,1.3016735,1.3677385,1.1591586,1.1562408,1.1383294,1.1319001,1.1230563,1.1146362,1.1164458,1.1107994,1.1170701,1.1169027,1.1236962,1.1319083,1.1405227,1.1488609,1.1563449,1.1681689,1.1816294,1.1864502,1.1870109,1.1839073,1.1834658,1.1730897,1.1703091,1.1673914,1.1603364,1.1581573,1.1622616,1.1672173,1.1861032,1.205941,1.2181201,1.2491521,1.2587589,1.2992115,1.3339612,1.3818725,1.4521163,1.5029248,1.5762436,1.6782058,1.7229602,1.9246452,1.7358465,1.7628235,2.3266053,2.2976034,2.0518827,1.9809594,2.0563002,2.085126,2.118332,2.268368,2.679966,2.318887,2.4527564,2.195521,2.0491698,1.9192989,1.3435665,1.3202268,1.297777,1.2835916,1.3018371,1.3090984,1.3221557,1.355055,1.3648261,1.4038516,1.4433104,1.476644
-6.976533553948642,1.592477,1.614705,1.6367865,1.6451899,1.6848112,1.7049779,1.8484682,1.8940729,1.8334992,1.8723944,2.0971215,1.9714413,2.2398584,2.467255,1.7559263,1.3720931,1.384775,1.4016393,1.4114751,1.4308978,1.4359337,1.4399362,1.433838,1.4356958,1.4276134,1.4250916,1.4184629,1.401012,1.3990654,1.3772852,1.3654313,1.3672415,1.3466592,1.3431662,1.309384,1.2814945,1.2016087,1.3344992,1.4782424,1.4667631,1.4335927,1.4002793,1.4025167,1.4523908,1.3708767,1.3380864,1.3354454,1.3536321,1.3498157,1.3492846,1.3456589,1.4274487,1.4614348,1.2850249,1.1761334,1.2427701,1.3104131,1.176813,1.1014222,1.1072382,1.0966579,1.0856763,1.0948104,1.0918027,1.0991936,1.1110635,1.1192901,1.1356428,1.1435325,1.16824,1.1826115,1.2054821,1.2241085,1.238248,1.2557067,1.2744687,1.2899932,1.3073674,1.3172506,1.3315383,1.3408191,1.3502185,1.3633817,1.3676769,1.3720814,1.3787408,1.3831689,1.390281,1.4138557,1.4214269,1.4436816,1.4700252,1.5022844,1.5371314,1.5885999,1.6480173,1.7019012,1.8176522,1.9589515,2.0043883,1.352668,1.9593754,2.1279655,1.8693085,1.9041432,1.7750719,1.8048686,1.8407633,2.044892,2.4666476,2.4941235,2.4458568,2.79193,2.2854807,2.0339732,2.295021,1.382841,1.3967623,1.3826329,1.3782854,1.3945787,1.3965733,1.4062431,1.4390233,1.4593605,1.4858668,1.5273572,1.5399494
-4.185920533189158,1.6499728,1.6499089,1.6570741,1.6527905,1.6773496,1.5700648,1.8464977,1.8475165,1.8303338,1.8175926,1.8246293,1.9347636,2.177681,2.2747107,1.6700124,1.419243,1.4617727,1.4419693,1.4516083,1.4671494,1.4608692,1.470337,1.454539,1.4371145,1.4398909,1.4225447,1.426027,1.4099895,1.3942913,1.3982956,1.3689059,1.378703,1.3571452,1.335432,1.3213112,1.2345653,1.3138491,1.4743384,1.5264938,1.4279236,1.5023988,1.4564822,1.382234,1.5721283,1.3659763,1.4133548,1.3577787,1.307697,1.3251013,1.3520402,1.3590381,1.3189434,1.2316031,1.181133,1.2550371,1.1507753,1.1428665,1.1168857,1.1238502,1.1175332,1.1233872,1.126656,1.1357898,1.1455574,1.1492687,1.1569414,1.165695,1.1660575,1.1913266,1.1990675,1.2219692,1.2372042,1.2539501,1.2743933,1.2943946,1.3114128,1.3318609,1.3565261,1.3746432,1.3977904,1.4215231,1.4442586,1.4806166,1.5064207,1.5289422,1.5571085,1.5650761,1.5854121,1.6048574,1.6179502,1.6396328,1.6605295,1.6952653,1.7342236,1.7668272,1.7897465,1.8128215,1.9386729,2.094384,1.813208,1.3124691,1.9971503,1.7755792,1.6590073,1.6556252,1.6827602,1.664385,1.8997953,2.3453295,2.6373312,2.473476,2.6865754,2.419712,2.0163553,1.8599914,1.6088853,1.4274802,1.475625,1.4762614,1.4898793,1.4967523,1.512181,1.5230497,1.5487478,1.5854149,1.612184,1.6376384,1.6561439
-1.3953069108194975,1.6618963,1.6367476,1.6230928,1.6404606,1.6188357,1.725366,1.7836877,1.7726585,1.7779794,1.7856187,1.7578626,1.8561139,1.8190751,1.8652978,1.6426127,1.4768121,1.462753,1.4486563,1.4536057,1.451392,1.4447292,1.4215689,1.423435,1.4000546,1.3878318,1.3878407,1.3701868,1.3763338,1.3719816,1.3670686,1.365991,1.3561403,1.3548255,1.3210561,1.3171563,1.3228173,1.4439663,1.4321163,1.4642129,1.4451005,1.39491,1.4993504,1.4320874,1.4699941,1.3428648,1.4326782,1.3851086,1.3485855,1.2982078,1.298515,1.2240272,1.2136642,1.2130736,1.2038096,1.1931169,1.2014889,1.1807866,1.1887186,1.1817158,1.1866962,1.1777917,1.1739156,1.1700963,1.1745288,1.1666526,1.1686804,1.1646451,1.1618949,1.161663,1.1710236,1.1727417,1.1909842,1.202361,1.2228106,1.2470416,1.268857,1.306091,1.3319935,1.3795315,1.4253336,1.4718153,1.5260261,1.5862906,1.6355323,1.6870522,1.7417688,1.7880745,1.8262721,1.8669506,1.888198,1.9087209,1.9519507,1.9524796,1.9931484,2.0374734,1.8968331,1.8829557,1.9076654,1.8334212,1.6392767,1.5467018,1.7536523,1.6141639,1.593959,1.645383,1.6897274,1.8239723,1.8234633,2.2915657,2.7251554,2.3683712,2.0251803,1.6700304,1.5079948,1.4918675,1.4982643,1.5377185,1.5558417,1.5921932,1.605652,1.6332725,1.6670393,1.699232,1.7136518,1.7338717,1.7343587,1.7135811,1.6967747
1.3953069108194975,1.5828164,1.5762293,1.5625669,1.6095728,1.716483,1.7577463,1.8455468,1.7783476,1.7567141,1.7959054,1.7746087,1.8049353,1.9697164,1.8197807,1.8071828,1.6071527,1.4901463,1.473621,1.4684327,1.4668549,1.4462832,1.4318168,1.4171041,1.4011133,1.3873665,1.3896058,1.3810414,1.3889683,1.3920083,1.3778652,1.3892388,1.387712,1.3783975,1.3753744,1.3286426,1.4294214,1.3143106,1.4606361,1.3650513,1.4313326,1.3829665,1.4673022,1.4291797,1.3728099,1.3614498,1.4042958,1.366886,1.2536539,1.2328811,1.2113194,1.2002516,1.2057346,1.1909355,1.1819751,1.1813841,1.172321,1.1720418,1.1667668,1.1738642,1.1522336,1.1590652,1.1497915,1.1525986,1.1497998,1.1588277,1.1543871,1.16261,1.1660554,1.1757872,1.1856899,1.2036562,1.2154711,1.2371005,1.2581664,1.2805527,1.3098017,1.3392241,1.3793074,1.4188027,1.464136,1.5016565,1.5535593,1.6137325,1.6681265,1.7237376,1.776005,1.8213325,1.854855,1.8929974,1.9183022,1.9340581,1.9470975,1.9396352,1.8905683,1.8462064,1.6485856,1.7598482,1.7288094,1.5798244,1.4817945,1.4846486,1.6295537,1.6439289,1.7037511,1.7577206,1.6833084,1.9538255,2.265116,2.572984,2.6671684,1.8453072,1.4384402,1.4580803,1.476205,1.488412,1.5217352,1.5601217,1.6003872,1.6280681,1.6579369,1.6640493,1.6846244,1.6985824,1.6935306,1.6976565,1.6563317,1.6203038,1.5983304
4.185920533189158,1.588251,1.4771843,1.5990447,1.7271417,1.752803,1.8510857,1.9071918,2.036242,1.8292816,1.8937118,1.8980414,1.84934,2.2236233,2.0435946,1.9613224,1.8389953,1.8069493,1.5549175,1.478234,1.4819291,1.4725128,1.4509219,1.4566257,1.4477991,1.4486823,1.454265,1.449791,1.4482698,1.4527241,1.4320925,1.419017,1.4260375,1.4223186,1.3906163,1.4476032,1.4354118,1.3865054,1.4324033,1.3535178,1.414449,1.4234719,1.468007,1.4438677,1.2680105,1.3437554,1.2813239,1.2380202,1.2153504,1.243846,1.2344829,1.2156366,1.1995877,1.2055849,1.2006832,1.1943141,1.1958468,1.1893862,1.1932582,1.1929394,1.1981393,1.1914041,1.2060587,1.1953799,1.2079978,1.2133417,1.2232609,1.2291094,1.2444795,1.2521555,1.275282,1.2888199,1.2932272,1.3139079,1.3311683,1.3477237,1.3713728,1.3824546,1.4040741,1.4330696,1.4508872,1.4821571,1.5071054,1.5367931,1.5647461,1.5964106,1.6200688,1.6283145,1.636511,1.6378468,1.628938,1.6337365,1.6348304,1.6336733,1.6396688,1.5881047,1.5724708,1.5955132,1.562511,1.5206406,1.4636391,1.381578,1.557496,1.6991972,1.8891538,1.6331,1.6703465,2.4197354,2.6991813,2.3850286,2.369178,1.5109475,1.4664067,1.4489002,1.4538068,1.480006,1.5112156,1.5373889,1.5703651,1.5901134,1.6030083,1.6066161,1.5904101,1.5822526,1.5615145,1.5204707,1.5907509,1.5927325,1.5988151
6.976533553948642,2.0442955,1.7483177,1.9394537,2.0355477,1.8441395,1.8721926,1.7939013,1.9173123,2.011487,1.8709424,1.8521254,2.1899092,2.0919063,1.8714588,1.806227,1.9189862,1.9528408,1.8745406,1.5481862,1.5276766,1.5146364,1.5271645,1.5082705,1.5142195,1.5219665,1.4940317,1.4640938,1.4829508,1.4543815,1.4771358,1.3793758,1.4057546,1.4114114,1.4052932,1.4168398,1.5508376,1.4293445,1.398004,1.3719902,1.3567196,1.3759965,1.4552846,1.411806,1.3400359,1.5515507,1.4050101,1.2905432,1.2803851,1.2813786,1.270539,1.2610227,1.2589573,1.2436956,1.2447848,1.247785,1.2492923,1.2541296,1.2521386,1.258689,1.2584177,1.2699665,1.2677146,1.2763267,1.2762728,1.2831353,1.2840273,1.292983,1.2919861,1.2967385,1.300095,1.3101904,1.3199029,1.327043,1.3385133,1.3442893,1.3589634,1.3620268,1.3723658,1.3806806,1.3902018,1.3959208,1.4109843,1.4191129,1.4329941,1.4458095,1.460507,1.4781272,1.4920007,1.4992213,1.5150306,1.532723,1.5542364,1.5916691,1.6163819,1.6528537,1.6519641,1.6511644,1.5880803,1.5774448,1.5580217,1.5105698,1.5575894,1.6044273,2.5776844,2.6071143,2.6526542,2.7873425,2.338911,1.4082854,1.4407322,1.4163779,1.4345006,1.4240425,1.4206213,1.4507709,1.4587191,1.4895935,1.5139917,1.5374107,1.5412903,1.5386487,1.511929,1.4790637,1.4653953,1.635703,1.786926,1.8150934,1.9857723
9.767145559195578,2.1405556,2.0726256,2.0698183,2.0679126,1.9537016,1.9658948,1.9385264,1.950814,2.078486,1.901296,2.0519512,2.3368688,1.713066,1.7835636,1.7784086,1.8950955,1.8637824,1.9525553,1.7537822,1.5637653,1.5779294,1.5919242,1.5508786,1.5385678,1.5333471,1.4977795,1.4632626,1.5185779,1.5555683,1.423514,1.3792745,1.3650358,1.3825284,1.3955249,1.3747475,1.5979618,1.4373491,1.5013436,1.5548183,1.3249192,1.3608986,1.3632296,1.40467,1.4900204,1.6495837,1.4279144,1.3157816,1.3098832,1.3123041,1.304029,1.2952131,1.2980276,1.2943716,1.2897451,1.2991209,1.2989812,1.2995461,1.3144332,1.3103386,1.3139902,1.3200132,1.3170648,1.316149,1.3206472,1.3142381,1.3167931,1.3131306,1.3118417,1.31102,1.3123813,1.3105068,1.3217763,1.3279761,1.3363242,1.3462964,1.3455926,1.3586221,1.3541827,1.3565983,1.3602929,1.3581332,1.3675163,1.3742619,1.3917698,1.4068242,1.4254456,1.4524848,1.4727584,1.5014776,1.5311942,1.5630835,1.6007535,1.6223502,1.6549219,1.6654102,1.6718973,1.6839194,1.698118,2.1978076,1.5055115,1.4988136,1.691592,2.0911803,2.6869783,2.3144696,2.2395382,2.096007,1.3902515,1.3447019,1.3507097,1.3667332,1.3473322,1.3412242,1.3398019,1.3481977,1.3659275,1.3952386,1.4417201,1.5265895,1.574816,1.5028536,1.4410297,1.3022348,1.8118868,2.0873475,2.0402992,2.0859559,2.1396685
12.55775611523069,2.1971245,2.1367617,2.1380167,2.1183414,1.9551512,1.9464949,2.0545118,2.0143337,2.2781754,2.1684656,2.1845484,2.2689855,1.9111294,1.8530782,1.849401,1.8332945,1.9268882,1.6933345,1.6536727,1.5408363,1.6033098,1.5976834,1.5914758,1.5565565,1.5401199,1.4827212,1.4517988,1.712164,1.5452343,1.3664597,1.387435,1.3450124,1.3626186,1.3707902,1.349177,1.5895891,1.6172167,1.5642718,1.6421766,1.3690753,1.3447633,1.3764887,1.4393162,1.6387237,1.6653855,1.3964213,1.3472146,1.3362392,1.341689,1.3409961,1.3345367,1.3489895,1.3490303,1.354449,1.3648794,1.3588061,1.3642576,1.366414,1.3648429,1.3655615,1.3646797,1.3575907,1.3538718,1.3466389,1.3347836,1.3328143,1.3251189,1.3162359,1.3208369,1.3109534,1.315933,1.3189789,1.3291968,1.3472455,1.3596472,1.3707113,1.3721964,1.3792274,1.3769045,1.3730637,1.366945,1.3474281,1.3464608,1.3405521,1.3409933,1.3636018,1.3739607,1.4032853,1.4417585,1.4677852,1.5121385,1.5590636,1.5875117,1.6521678,1.6455727,1.6060615,1.8316455,2.2589014,2.1921198,1.357496,1.3847808,1.3943186,1.5643615,1.6109383,1.4052106,1.4032162,1.3366884,1.323904,1.2918326,1.2498904,1.2524353,1.244043,1.2310562,1.2451808,1.2360845,1.2443677,1.2569321,1.2734,1.3688865,1.5679508,1.5572194,1.3398101,1.7193727,3.1475818,3.1316285,2.8503942,2.545317,2.2708087
15.348364759491508,2.3552892,2.195219,2.187928,2.2055905,2.2577636,2.3033476,2.3324506,2.2939663,2.2487078,2.2897062,2.4045634,2.3536923,2.303279,2.1127026,2.0717876,2.201449,2.040502,2.1505537,1.8860117,1.5142382,1.553958,1.5995996,1.6052612,1.6270145,1.5842857,1.4892277,1.4846883,1.6730782,1.4337285,1.3674465,1.3418243,1.344288,1.3420976,1.3800377,1.4860463,1.6589471,1.645209,1.689424,1.7916021,1.3975286,1.3674848,1.3780389,1.4504896,1.7233052,1.3929383,1.3847216,1.3621532,1.3673009,1.3737563,1.3736453,1.3815354,1.3904413,1.396469,1.3977554,1.4105339,1.4075767,1.4073448,1.4143931,1.4068594,1.4084957,1.4122933,1.400733,1.4059013,1.4010519,1.3978622,1.3972142,1.3934596,1.3875002,1.377378,1.3727149,1.3587549,1.3606259,1.3488032,1.3635783,1.3896081,1.3946788,1.4054577,1.4145004,1.4083871,1.406763,1.3957953,1.3733017,1.3606162,1.3457615,1.3253251,1.3297198,1.3257451,1.3370174,1.3736261,1.3898965,1.450601,1.4496448,1.5403684,1.6738313,1.9146081,2.1448832,2.6367111,2.4352984,2.0293286,1.4568421,1.4453374,1.4425536,1.419796,1.4092144,1.3885775,1.2836947,1.279329,1.2431805,1.2354558,1.2067977,1.1547722,1.1429964,1.1264887,1.1182927,1.1175016,1.0993863,1.1173873,1.1141342,1.1388377,1.4230697,1.5282468,1.2152015,1.4873751,2.6280575,2.9099045,3.0510566,2.8188298,2.5942218
18.138970990239372,2.7555056,2.6889799,2.7125611,2.6441307,2.7437077,2.7113912,2.6178849,2.5837061,2.536796,2.6673698,2.6428978,2.5924454,2.5239506,2.509028,2.6130314,2.2887073,2.4175375,2.7456949,2.531234,2.1205316,1.7555825,1.5742427,1.6326884,1.63073,1.6172814,1.5237207,1.5031163,1.5483617,1.4413123,1.6836017,1.4654621,1.3083673,1.337609,1.4094898,1.6186677,1.6488734,1.596281,1.6765728,1.8751367,1.534459,1.3529749,1.399533,1.3994627,1.6004205,1.3860924,1.3874909,1.3707604,1.378519,1.3933008,1.3836098,1.3944255,1.4019809,1.4037728,1.4188471,1.4147663,1.4288341,1.4347603,1.4420928,1.4474546,1.4505826,1.4503052,1.4551328,1.4507775,1.4542034,1.4478396,1.4451447,1.4415503,1.4504378,1.4589703,1.4723623,1.4854802,1.4908333,1.5246704,1.3932699,1.3767456,1.3852568,1.4004738,1.4152002,1.422384,1.4356421,1.4337883,1.4287854,1.4264079,1.4084114,1.3960937,1.3750468,1.3396873,1.3328706,1.287938,1.3732523,1.3738,1.7617602,1.8961657,2.2246394,2.527701,2.5413513,2.6233618,1.6195855,1.5572371,1.4902439,1.632012,1.6986117,2.0182273,2.069792,1.7247928,1.3399779,1.300208,1.3346411,1.313917,1.2822592,1.2649646,1.2151803,1.1835849,1.1499227,1.1182157,1.0767994,1.0307701,0.9854113,0.93046784,0.8866102,0.8999757,0.9784906,1.2629765,2.4575932,2.7930448,2.943588,2.9042573,2.8191915
20.92957425448953,2.9230378,2.9203024,2.8644555,2.8375084,2.8406713,2.8061335,2.6765418,2.6573942,2.7071228,2.6894827,2.7059026,2.6371953,2.6404278,2.616157,2.6940932,2.605598,2.861097,2.9956977,2.9380271,2.6799366,2.3486214,1.6407379,1.5660629,1.5983831,1.6343983,1.5572139,1.1960804,1.285213,1.62287,1.8102394,1.7665019,1.4935393,1.4023088,1.5423883,1.5952687,1.6500224,1.6840017,1.6805265,1.866447,1.7481828,1.4696428,1.4143306,1.3677163,1.3852506,1.3878148,1.420802,1.3982408,1.40063,1.4151746,1.4141469,1.4186261,1.4282743,1.4338338,1.4489104,1.4593617,1.4600853,1.4788969,1.4772784,1.493976,1.4966362,1.5002728,1.4993806,1.4979534,1.4950366,1.4870337,1.4704906,1.4626589,1.4433749,1.4408557,1.4530705,1.4809899,1.6086589,1.737075,1.4515749,1.3682761,1.3805134,1.4029849,1.4097073,1.4267704,1.4460484,1.4527954,1.4659203,1.4802183,1.4691435,1.4651784,1.434156,1.3841666,1.2962232,1.1957823,1.3247443,1.4476695,2.1206393,2.2876885,2.633328,1.8081356,1.7181166,2.2749467,1.8580227,1.5999664,1.8283787,2.1266131,1.9124489,1.5782428,1.617377,1.4788269,1.4359881,1.4829851,1.4746622,1.4904064,1.480797,1.4584816,1.4657229,1.4382242,1.4080116,1.3722818,1.3148308,1.2447724,1.1519483,1.025463,0.87785625,0.746102,0.6937424,1.3616059,2.637825,2.7333558,2.9273214,2.9278708,2.9590988
23.72017393353477,3.0505786,3.001781,3.0075293,2.8725407,2.8057425,2.7708154,2.738972,2.6607125,2.6975293,2.6383917,2.6736634,2.6656697,2.7087474,2.8510878,2.7817268,2.9787447,2.9926949,2.9742591,3.0425396,2.931244,2.7750914,1.8279172,1.5514065,1.5774595,1.7904369,2.0142004,1.7568616,1.5601214,1.6154615,1.8082129,1.7461197,1.6063386,1.5946335,1.6618134,1.7323885,1.6823393,1.7245792,1.6554514,1.7691967,1.8302146,1.7681099,1.6876947,1.6317211,1.5809617,1.417522,1.3937843,1.4317064,1.4513348,1.4557238,1.4693767,1.4680325,1.4909081,1.4897977,1.5163709,1.5319105,1.5483828,1.5688746,1.573347,1.5877572,1.5900873,1.5874534,1.5864563,1.5669682,1.5617684,1.5428855,1.5148474,1.4920323,1.461628,1.4347454,1.4272858,1.4219228,1.4225711,1.3893989,1.3782845,1.3850094,1.391021,1.4113708,1.4225342,1.429482,1.449153,1.4576378,1.4710761,1.480055,1.485424,1.4878708,1.4350646,1.3944966,1.2307129,1.2626084,1.6887454,2.0236573,2.4356713,2.704687,2.482065,1.6636267,1.6471488,1.5904195,1.5528394,1.6094755,1.6789337,1.6065559,1.4014685,1.4361118,1.4906651,1.5247767,1.544007,1.5756555,1.5727383,1.5751988,1.5814569,1.6044096,1.6075251,1.619507,1.6142474,1.603754,1.5822241,1.5427641,1.472614,1.3553741,1.185927,0.9791087,0.6904631,0.72432196,2.1288238,2.6021707,2.816331,2.9484258,2.9467916
26.510769325211022,2.9631085,2.9906528,2.9710538,2.9431365,2.8474648,2.7563035,2.6813748,2.6009555,2.6239965,2.577822,2.5737255,2.5725362,2.722687,2.8235967,2.9413657,2.9860682,3.0111878,2.966831,3.0630264,2.8831782,2.8489907,2.2867255,2.1466558,2.1448302,2.296061,2.370621,2.342304,2.1439853,1.9401469,1.7415745,1.7332081,1.6396675,1.6886696,1.6872029,1.7299136,1.8349373,1.8506349,1.8271971,1.8939891,1.9467382,1.9730014,1.9038733,1.8421881,1.8241706,1.6116927,1.4632697,1.4154396,1.4672958,1.4815302,1.4749054,1.4979365,1.5113736,1.5342736,1.5519328,1.5873168,1.6141326,1.6434257,1.6615189,1.6727277,1.6927674,1.6881592,1.6902832,1.6764647,1.661643,1.6387323,1.6034557,1.5739541,1.5327173,1.4991965,1.4629618,1.4279877,1.4166794,1.4404798,1.4372466,1.4272182,1.432548,1.443288,1.4494073,1.4550029,1.4588591,1.450668,1.4631292,1.4648875,1.478543,1.481006,1.4463664,1.3698847,1.2687342,1.9513918,2.821068,3.04936,2.6193855,2.793392,2.5414205,1.7626021,1.6531969,1.6455833,1.6321874,1.6731193,1.7189168,1.5075264,1.4571452,1.4953202,1.5251873,1.5471817,1.5754178,1.5915393,1.5647677,1.5630717,1.5564157,1.5418487,1.5625929,1.555619,1.5660391,1.5896958,1.590962,1.6100143,1.6001604,1.5702451,1.5043501,1.3427578,1.1346258,0.7295036,1.0637418,2.1481054,2.7564754,2.930365,2.9482222
29.301359621762764,2.902117,2.8785107,2.8816557,2.8799443,2.8104327,2.6538105,2.4734015,2.5077286,2.5972583,2.4693897,2.4039702,2.3653033,2.511109,2.7598498,2.839629,2.8963978,2.903351,2.9248345,2.849904,2.7302697,2.7417722,2.7694607,2.8619215,2.8526268,2.812518,2.5787456,2.686431,2.2658284,1.9154652,2.1084497,2.7116377,3.1498864,3.0885873,2.56841,2.3106987,2.6812634,2.0858762,2.0613697,2.1646152,2.073454,2.08449,2.0452688,2.0042965,1.9917859,1.7821869,1.6820258,1.5179354,1.4844929,1.4663361,1.4700687,1.4710537,1.4730878,1.5063605,1.528578,1.5565375,1.5823647,1.6174922,1.6491871,1.6769837,1.700351,1.7235801,1.7417344,1.7446157,1.7450858,1.7370931,1.712151,1.6906993,1.656455,1.6192651,1.5817319,1.5523857,1.5329098,1.5107086,1.4908419,1.48534,1.4629885,1.463717,1.4556916,1.4530969,1.4443345,1.4370543,1.4408134,1.4604805,1.4760051,1.4613518,1.4220788,1.3336202,1.7784674,2.6103327,2.912819,2.9299617,2.8811405,2.8971388,2.669026,2.214287,2.0409307,1.9317474,1.812264,1.9590566,2.068202,1.5409411,1.5403658,1.5837682,1.6140612,1.5837239,1.6007032,1.5767909,1.5941062,1.5646547,1.5473032,1.5301795,1.5194567,1.5221097,1.5272813,1.5249317,1.5331826,1.5421741,1.5426129,1.5508012,1.5436578,1.524252,1.428447,1.2195299,0.8729104,1.3950874,2.8383,2.923888,2.8618233
32.091943881744044,2.8871272,2.737668,2.6533093,2.708838,2.4948404,2.3024251,1.8788928,1.9885502,2.2316086,1.8143628,1.6751897,1.7448665,1.8889093,2.6413536,2.740138,2.8562043,2.8217835,2.7839892,2.7119408,2.699633,2.679792,2.7223382,2.7559273,2.8625038,2.9979036,2.761098,2.5583298,2.2602115,2.7872946,3.1042795,3.0481184,2.9686553,2.8453681,2.9249651,2.9352531,2.8096914,2.2606518,2.0939474,2.0835407,2.163502,2.154736,2.1709242,2.1410022,2.1511738,1.9128381,1.8513362,1.7190269,1.7600642,1.640686,1.568678,1.5276521,1.5163833,1.4906979,1.5150094,1.5410256,1.5725025,1.5828174,1.6085871,1.6289374,1.6592278,1.6868069,1.7086576,1.7283057,1.7343754,1.7482631,1.7460264,1.7350165,1.7173928,1.6948124,1.6648905,1.6302195,1.6031498,1.5683099,1.5345823,1.4947131,1.478703,1.4535701,1.4416422,1.4230702,1.4166832,1.4070183,1.4277457,1.4545375,1.4728819,1.4441721,1.3540145,1.5248207,2.3183775,2.686851,2.8482604,2.9356391,2.9589245,2.8854423,2.842714,2.7849822,2.627474,2.4793298,2.2037158,2.1677449,2.0712914,1.7415267,1.6036866,1.575605,1.5826457,1.5790702,1.5643207,1.5629069,1.5320241,1.5327002,1.5298873,1.5209209,1.5153428,1.5018508,1.5114046,1.5348676,1.5431288,1.5609676,1.5599792,1.5554173,1.5349487,1.5258728,1.5026208,1.4075918,1.1022072,0.9594387,2.3409986,3.269534,3.0427306
34.8825209937735,2.2317717,2.6778529,2.8763196,2.8014855,2.0215616,1.7006214,1.7785974,1.7474251,1.823692,1.6700214,1.8456948,1.8766707,1.9360492,2.690378,2.8120499,2.805147,2.726234,2.8541071,2.69414,2.5418875,2.6890943,2.6446142,2.6463625,2.834497,3.0961225,3.0069335,2.8197694,3.0302088,2.8930163,2.6090388,2.7673416,2.8755493,2.809575,2.4680474,2.4130871,2.5122252,2.3352308,2.3534992,2.374568,2.3081307,2.2098222,2.1734562,2.1629107,2.172449,2.0142815,2.0693376,1.9301367,1.9664747,1.9827412,1.9320449,1.7975509,1.6801538,1.676323,1.6911088,1.6845263,1.6740475,1.6735864,1.6786077,1.6985352,1.7137644,1.7409477,1.7545975,1.7553353,1.7566212,1.7544533,1.7450877,1.7379055,1.7217771,1.7053472,1.6856333,1.6528234,1.613538,1.5678313,1.5305986,1.4982945,1.464669,1.4386024,1.4188211,1.3972548,1.3874065,1.3825052,1.3989675,1.4372987,1.4681083,1.3840106,1.5855404,2.244616,2.5942183,2.7268393,2.9507236,3.1265397,3.0576177,2.9433072,2.8862135,2.781843,2.5012496,2.3504946,2.2677314,2.1793997,2.1666236,2.1383984,1.9405687,1.6736158,1.5635626,1.5350866,1.519804,1.5182886,1.4738128,1.4390495,1.3860378,1.4042795,1.412423,1.4278811,1.4462252,1.494634,1.5509177,1.5630403,1.5926785,1.5925206,1.5733882,1.536991,1.5272111,1.4544266,1.2473301,0.918677,1.0436423,2.401852,3.033509
37.67308962904537,1.6497369,1.6420622,1.886026,1.9755491,1.8588357,2.1567152,2.1640863,1.9738675,2.6298099,2.2244782,2.2767522,2.7635033,2.8669982,2.7989037,2.864264,2.8966403,2.878095,2.7338305,1.9683391,2.0364048,2.5935793,2.6211996,2.7087314,2.6443677,2.7617395,2.9943788,3.0441532,2.6725411,2.4627025,2.5538824,2.4937122,2.5367525,2.4947164,2.341111,2.5793798,2.472406,2.3373983,2.5691137,2.5805225,2.529743,2.3665085,2.2446148,2.313786,2.3263407,2.2357147,2.344723,2.175285,1.9786222,1.9864542,2.0930684,2.131878,1.9968495,2.0480237,2.1213677,2.1268082,2.0895393,2.0384438,1.987737,1.9564618,1.9263816,1.9050448,1.8792922,1.8571311,1.8271827,1.8043469,1.7791184,1.7564632,1.7327759,1.7062927,1.6728374,1.6425855,1.6033343,1.5623803,1.5160422,1.47954,1.4524813,1.428278,1.4064225,1.3891362,1.369685,1.3718327,1.3851936,1.4379189,1.4280027,1.479084,1.9190902,2.460013,2.74162,2.9083424,3.05695,3.1453128,3.0457394,3.027341,2.9561677,2.8548205,2.5687866,2.5496798,2.4968653,2.4189153,2.3865666,2.3649702,2.3134453,1.8998954,1.609867,1.5473433,1.4880942,1.4785447,1.4508698,1.3732259,1.2731154,1.2267842,1.2561301,1.2790875,1.2892934,1.346804,1.4401089,1.5125495,1.5779942,1.5957401,1.5964719,1.5742608,1.5481008,1.4221416,1.2626522,0.94965625,1.5646803,2.7100973,2.794998
40.46364817811508,2.5607,1.7124858,1.6195126,2.1061516,2.083765,2.3163626,2.8058665,2.684738,3.026586,2.8434985,2.1638954,2.1505606,2.521719,2.3374794,2.3918285,2.6088517,2.7108328,2.4024668,1.9674233,2.4335938,2.7892256,2.7822905,2.8213143,2.7176244,2.7158043,2.6680908,2.7524126,2.6243954,2.712627,2.9438846,2.984334,3.0901363,3.0258396,2.9223168,2.7451937,2.6876013,2.9713504,3.0371037,2.8909636,2.7508311,2.5450592,2.4477258,2.419814,2.5231676,2.590601,2.558728,2.4073668,2.221142,2.1911845,2.0776792,2.154998,2.186249,2.1857204,2.2094836,2.2880569,2.3257353,2.278907,2.1952581,2.1190662,2.0531733,2.0016072,1.9547435,1.911201,1.8710462,1.8325169,1.7929938,1.7682654,1.7314183,1.7064505,1.6724774,1.6190796,1.5690253,1.5369815,1.5072926,1.473444,1.4383132,1.4191811,1.4002248,1.3944315,1.3825611,1.3864024,1.3947974,1.4471626,1.4580283,1.6972705,2.0318575,2.301372,2.6757653,2.7442536,3.0838726,3.0369885,2.822559,2.9339051,2.968371,3.0135617,2.946312,2.8912406,2.7224455,2.676907,2.6055963,2.639832,2.6266928,2.31932,2.0070174,1.852183,1.7174748,1.6667199,1.6250094,1.5164605,1.4960282,1.671344,1.9845475,1.8920205,1.4081397,1.1525084,1.252216,1.3169386,1.4294127,1.476532,1.5217226,1.5135474,1.5224779,1.3275725,1.1961223,0.9710715,2.019519,3.0195305,3.1398327
43.25419466535099,2.5468626,2.4317257,2.0341191,2.3169932,2.810533,2.8853512,2.8249645,2.4915545,2.5047066,2.7425253,2.3265874,1.9766927,2.0826397,1.9839765,2.098692,2.3622246,2.5378635,2.2434936,2.2423246,2.769749,2.956431,2.9897857,3.0718522,3.0470822,2.9349806,2.8289247,2.793607,2.701682,2.6299834,2.6329432,2.6732192,3.029781,3.3371148,3.2894652,3.1834044,3.205191,3.0996947,2.9857845,2.9593735,2.9747956,2.949066,2.8096876,2.6644948,2.6211631,2.7646558,2.810368,2.7724228,2.697294,2.5662124,2.241526,2.2305264,2.3768003,2.338383,2.252808,2.2039802,2.166042,2.1328747,2.089498,2.04611,2.0011551,1.9477472,1.8963183,1.8623285,1.8314335,1.8008714,1.7698764,1.742966,1.7278829,1.7036165,1.6617397,1.6081514,1.5554528,1.520892,1.4961815,1.4766353,1.4490638,1.4263568,1.4138942,1.4126353,1.4077312,1.4208221,1.421339,1.4692289,1.4759803,1.7726054,2.1796656,2.1181164,2.5609717,2.8490417,2.8798497,2.817363,2.7571015,2.8378344,2.988246,3.088637,3.1241121,3.053663,2.7655854,2.7988253,2.7360172,2.7740846,2.8472373,3.008044,2.7434819,2.4448137,2.3215666,2.2638047,2.1823063,2.164065,2.295806,2.7215292,3.3349295,3.2406428,2.4001539,1.4149606,1.155773,1.1218224,1.1422187,1.1901022,1.3302186,1.3733621,1.4062496,1.3007315,1.1532072,1.0223988,1.455431,1.8090245,2.0577116
46.044726631101724,1.9998399,2.1052947,2.1291218,2.2720926,2.2938676,2.3599699,2.4820194,2.454692,2.3364234,2.3977723,2.5193903,2.4467502,2.5848567,2.6376462,2.7123072,2.755326,2.8540823,2.6611571,2.5233176,2.8864837,3.2203403,3.334073,3.3462267,3.3966718,3.3392818,3.3265111,3.2983282,3.2244742,3.1200497,3.0344687,3.199214,3.381182,3.2009592,3.0482528,3.0161881,2.9069793,2.7780976,2.820967,2.9397774,2.9502482,2.9460855,2.9622712,2.9082844,2.791278,2.8947778,2.9352596,2.879922,2.9624197,2.8767447,2.625731,2.4618063,2.4898405,2.448302,2.3935645,2.28127,2.1464844,2.0738332,2.0288773,1.990852,1.9495015,1.9058274,1.8587185,1.8213685,1.7941644,1.7686169,1.7491317,1.7285994,1.7064282,1.6820655,1.6435933,1.5966128,1.5584803,1.5399158,1.5241938,1.4962795,1.4733518,1.4627755,1.457037,1.451902,1.4486867,1.4603211,1.4791266,1.5090599,1.512848,1.7445483,2.05558,2.0938828,2.3827598,2.5636768,2.5414786,2.660031,2.814103,2.9788673,3.2193034,3.193201,3.066124,3.0040095,2.8457508,2.932121,2.994896,3.2160583,3.2015612,3.2334874,3.1558475,2.9828215,2.8945448,2.691125,2.5125933,2.480462,2.4726925,2.537695,2.516757,2.3599875,2.2897604,1.8256902,1.4563733,1.1581259,0.9410389,0.9137419,1.0030185,1.1096429,1.1862273,1.2029278,1.1506851,1.0679582,1.0380644,1.0675282,1.3647184
48.83524096625064,1.8376139,1.9703141,1.9763249,2.0028598,2.087116,2.1415884,2.1694913,2.2175639,2.2174044,2.2612343,2.4059706,2.6229103,2.749879,2.8465333,2.9332795,2.9903674,3.0707207,3.1412654,3.2025335,3.2768083,3.3408616,3.4235184,3.5002177,3.501112,3.4479444,3.4272041,3.380471,3.3862264,3.4299805,3.3071647,3.1829178,2.9643738,2.8213053,3.0495489,2.9585946,2.8379421,2.6730225,2.7502434,2.907876,2.8318348,2.8831885,3.047546,3.0329692,2.9539967,2.8917098,2.9560862,2.9596927,2.8664057,2.8687668,2.8262088,2.8818948,2.861161,2.5687194,2.4015462,2.2693663,2.1872065,2.1275213,2.0171964,1.9637129,1.9323969,1.8876542,1.8666877,1.8302716,1.8122818,1.787471,1.7539673,1.7412168,1.7193632,1.7079769,1.6856401,1.6554534,1.6278632,1.5971049,1.5903224,1.5762793,1.5473557,1.5222113,1.51086,1.5109665,1.5123787,1.532297,1.5430634,1.5812057,1.7359455,1.9904789,2.177624,2.271525,2.3588722,2.561597,2.7294126,2.8800423,3.0120413,3.153711,3.3168225,3.321054,3.2497652,3.2171388,3.2047043,3.4290304,3.5332682,3.4994986,3.5185335,3.4795423,3.362648,3.2485952,3.1624641,2.8510954,2.7442195,2.7483277,2.5296764,2.237641,1.9065784,1.6650405,1.5510764,1.4341674,1.3306313,1.1334591,0.90714365,0.8096645,0.78105646,0.7956485,0.8848723,1.0173467,0.9847598,0.90670145,0.9555015,1.1294518,1.5231228
51.625733674938296,1.3706939,1.4916703,1.8222187,1.9657202,2.0052633,2.068523,2.1532488,2.2581134,2.3205585,2.2868714,2.5094552,2.5942686,2.7388098,2.9136531,3.0231233,3.1125338,3.214296,3.3078864,3.3785791,3.3859577,3.3189287,3.3611414,3.486831,3.513142,3.4859872,3.5163627,3.4936528,3.4959295,3.570468,3.4643059,3.110509,2.7551928,2.7287092,2.8410456,2.8312223,2.8254874,2.702465,2.9101722,3.2033467,3.0529654,2.94835,2.986692,2.9529464,2.9342868,2.9362488,3.013941,2.993822,2.904507,2.923204,2.8808784,3.002086,3.1141055,2.711063,2.4525757,2.309112,2.342813,2.500006,2.203336,1.9951184,1.9550948,1.9181075,1.9163617,1.9067935,1.8835486,1.8650558,1.8671573,1.8675228,1.8485228,1.8708813,1.8823731,1.8453602,1.7978963,1.7586694,1.7210639,1.68236,1.659494,1.6429043,1.6178248,1.5959367,1.5945827,1.6227506,1.6879954,1.8581738,2.1587155,2.3545303,2.4954598,2.6389172,2.5371292,2.6667526,2.9008307,3.0205555,3.1067436,3.2597713,3.489643,3.3865788,3.36371,3.5376916,3.669786,3.7934082,4.102208,4.0117517,3.8526213,3.7169995,3.5222843,3.4259794,3.399447,3.2751868,3.233923,3.0113387,2.4255402,1.7886163,1.2942988,1.0866183,0.98016715,0.8717234,0.7913363,0.7792911,0.78323364,0.74043196,0.6592229,0.5643078,0.6309555,0.7976156,0.7967567,0.8700983,1.1924793,1.4197301,1.5506771
54.41619952608627,1.3854139,1.2621417,1.4726586,1.832052,2.0021749,2.087578,2.1346345,2.1629498,2.3323014,2.4199793,2.5972085,2.6422875,2.6797853,2.7698452,2.9747155,3.0936217,3.1313772,3.2271938,3.35958,3.3616216,3.2159111,3.143708,3.3102772,3.4953866,3.5564885,3.5763383,3.6250932,3.6793811,3.7203097,3.6956332,3.529815,3.2678144,3.0664372,2.9816015,2.8558066,2.8179142,2.8907857,3.0175276,3.2296824,3.280229,3.0616298,2.948961,2.9625072,3.00539,3.0260322,3.0323982,2.9858267,2.9623618,2.9751468,3.1461496,3.4900782,3.2346175,2.6885707,2.5019026,2.3642251,2.4270222,2.942416,2.7857566,2.2495968,2.0899706,2.0573761,2.010343,1.9842783,1.9732223,1.9694173,1.9921818,2.006734,2.0129483,2.0833955,2.1772003,2.1751575,2.1315365,2.0372262,1.9373865,1.8590088,1.7992378,1.7552165,1.736357,1.7175331,1.7041129,1.7722801,1.9987195,2.3076723,2.4668133,2.5456977,2.632039,2.5617406,2.6060054,2.8072445,2.942241,3.0296824,3.153857,3.3161798,3.5719707,3.5948803,3.6535628,3.8877776,4.0958962,4.477286,5.051936,4.851382,4.2018585,3.8582926,3.7823308,3.6922128,3.554619,3.558735,3.5715551,2.9780116,2.0934517,1.3139064,0.94015807,0.84315336,0.7527284,0.6368397,0.5300167,0.46777126,0.47690314,0.5271247,0.5031911,0.44108173,0.5534664,0.68566936,0.7025839,0.8063567,1.0887004,1.302979,1.5716869
57.2066315276433,1.3006157,1.3797712,1.6891844,1.9466023,2.0474014,2.1366796,2.1449325,2.185157,2.290846,2.5777802,2.6305022,2.7201903,2.8373413,2.9410968,2.9602304,2.9908106,3.0701385,3.1126447,3.1590972,3.1802297,3.123974,3.0949903,3.213851,3.3505728,3.4361393,3.4987102,3.5406735,3.5573072,3.5699594,3.5881722,3.5834737,3.5054944,3.4300394,3.3211668,3.2488043,3.2812586,3.317787,3.216376,3.190375,3.1701164,3.1556695,3.116155,3.086051,3.122865,3.2186162,3.2180738,3.1414154,3.159444,3.2242117,3.3140619,3.461238,3.1051664,2.817672,2.7844405,2.7057338,2.6454308,3.0038025,3.17139,2.6927378,2.2784398,2.1456892,2.1314957,2.137933,2.1546156,2.1780856,2.2078364,2.2815664,2.4101,2.5301127,2.6000361,2.6254063,2.6474214,2.6081796,2.5259347,2.2647479,1.9914914,1.8510042,1.8023645,1.8065091,1.9614817,2.3038764,2.658534,2.819375,2.7756665,2.800045,2.8138485,2.870068,2.9255295,3.0364437,3.1547318,3.3526495,3.5439281,3.688046,3.7913353,3.956027,4.2981567,4.838292,5.11125,5.169849,5.2354083,5.125534,4.591038,4.2721953,4.1481786,3.9612622,3.9656672,4.00047,3.3060226,2.1114619,1.2808965,0.931714,0.85822815,0.901546,0.80960715,0.61505324,0.49039987,0.39988598,0.3155862,0.34062585,0.4181072,0.40459016,0.43486562,0.55363715,0.61842084,0.65196973,0.8412982,1.245964,1.4237558
59.997020108491355,1.12486,1.4444648,2.007319,2.3485274,2.4468722,2.487319,2.40691,2.3812861,2.477655,2.824589,2.9415865,2.9348676,2.9587033,3.0615392,3.0898738,3.1245809,3.1641977,3.1865637,3.20551,3.2389607,3.248876,3.2529135,3.3435442,3.439003,3.5170484,3.5700984,3.5969727,3.6200228,3.6941633,3.7402534,3.6922407,3.6616488,3.58977,3.5576563,3.5443025,3.5331893,3.5218294,3.5283122,3.5197303,3.4627914,3.4043188,3.3710954,3.36674,3.3877811,3.4613404,3.463151,3.4484167,3.519286,3.486066,3.2710023,3.1155262,3.0751896,3.0869799,3.1940556,3.2570488,3.2168343,3.2147322,3.4908178,3.4697127,3.0864806,2.8483489,2.6475098,2.5176156,2.4984846,2.5742037,2.7385523,3.0190148,3.284609,3.3219724,3.2245347,3.226752,3.2380772,3.1000776,3.0466757,2.9972513,2.6997845,2.4826052,2.484674,2.6748388,2.978848,3.0175502,2.9637105,2.9046302,2.85462,2.9905329,3.2109036,3.4533358,3.541984,3.625225,3.7400618,3.7768147,3.9137821,4.1110086,4.3058844,4.526692,4.924145,5.1193633,5.1614437,5.2214575,5.3164654,5.191447,4.7330003,4.676039,4.853199,4.9111395,4.6315184,4.1082926,2.9144979,1.8413572,1.4089714,1.370835,1.4816537,1.6519626,1.5991484,1.0272082,0.6179663,0.47348878,0.40958518,0.2944397,0.23106946,0.2652812,0.29998323,0.3922965,0.53760165,0.6658795,0.74935937,0.9043821,1.0199666
62.78735179896313,1.1398289,1.361357,1.7851617,2.2991276,2.558115,2.6102796,2.5939152,2.5270627,2.7504663,3.0309594,3.162738,3.1835258,3.2650354,3.3230085,3.3338392,3.3639936,3.3843849,3.4372196,3.5316029,3.531881,3.5516305,3.614642,3.7643795,3.8360796,3.90377,4.0507073,4.124245,4.151737,4.1263084,4.1375465,4.08,3.9467664,3.8747926,3.8249085,3.8255982,3.8444247,3.8546078,3.8640587,3.8856714,3.9057043,3.918392,3.9011593,3.8732,3.885665,3.8996575,3.8461752,3.7425745,3.6308374,3.4263933,3.2117736,3.1608276,3.225778,3.269998,3.3513737,3.5235026,3.6251998,3.553243,3.492138,3.5469003,3.673091,3.7559147,3.8190837,3.9097152,3.8480053,3.853068,3.7662597,3.9389331,4.102255,4.0120835,3.7420337,3.6985853,3.695317,3.5573068,3.4188342,3.4114041,3.3461654,3.2963998,3.2196767,3.1604125,3.1392195,3.1168184,3.1166356,3.094977,3.1234815,3.2860138,3.638339,3.9644434,4.0633073,4.119358,4.2022886,4.301729,4.4269366,4.599288,4.708278,4.7964935,4.907315,4.9995794,5.0467386,5.1792006,5.3985863,5.486163,5.3181877,5.2037344,4.98249,4.629011,4.4247737,4.063388,3.1732273,2.350018,2.0382519,2.0045695,1.8535231,1.9141514,2.0532768,1.7198123,1.062565,0.69951326,0.5696106,0.4911019,0.43851262,0.4664319,0.5949215,0.593074,0.6088846,0.65903145,0.78002125,0.96760213,1.0608268
65.57760701082788,1.5835229,1.4918709,1.5105484,1.7532086,2.248442,2.7531912,2.8908277,2.8282888,2.8741822,3.0959468,3.248467,3.387703,3.4466794,3.5643828,3.6475477,3.6732833,3.726355,3.799591,3.8973975,3.9342382,3.9949284,4.0525794,4.127379,4.2578373,4.4439054,4.5290117,4.57209,4.594409,4.599777,4.569362,4.43692,4.3001156,4.192974,4.1710415,4.1487184,4.1054425,4.096086,4.1198473,4.137472,4.1373873,4.159477,4.2104044,4.2463536,4.201565,4.102629,3.870813,3.7385075,3.6713016,3.5856705,3.4590483,3.350746,3.340207,3.4391308,3.6660974,3.9495418,4.085272,4.0544333,3.9029732,3.8074265,3.832899,3.9411483,4.0790014,4.2392745,4.3946004,4.591865,4.7510834,4.9545903,4.869923,4.5866046,4.275362,4.2173457,4.157194,3.9680223,3.7732942,3.720114,3.7049735,3.654997,3.6313581,3.6890714,3.7837558,3.7487235,3.6679585,3.6536329,3.860283,4.1217775,4.3718243,4.4085703,4.3751082,4.4288816,4.5435886,4.6987953,4.854574,5.001807,5.1119294,5.147783,5.107931,5.019878,5.025832,5.1816382,5.529251,5.588087,5.3655324,4.970393,4.629042,4.4002643,4.417764,4.457602,4.1587763,3.422168,2.8406224,2.4212236,2.0986776,2.2650256,2.3534164,2.492421,2.3017793,2.0655003,1.7027272,1.6229668,1.6332172,1.8934464,2.1700962,2.072594,1.8084003,1.5900908,1.5834389,1.6542716,1.6440475
68.36775610831324,2.126385,1.9324678,1.8162235,1.7768217,1.9090916,2.289756,2.7773168,3.0766704,3.232431,3.2781258,3.361737,3.4178045,3.4206889,3.4138842,3.4976213,3.6844437,3.9907146,4.2182045,4.4217486,4.6009345,4.7244387,4.798221,4.872558,4.9710317,5.0400553,5.0803857,5.1071525,5.121102,5.095375,4.965281,4.755848,4.543999,4.3909197,4.306599,4.239281,4.2020955,4.238832,4.3250523,4.3789377,4.3977675,4.4287977,4.487496,4.518454,4.426157,4.2494087,4.0630565,4.010868,4.036599,4.030272,3.9722824,3.9495804,4.052656,4.308084,4.4964275,4.7053633,4.7329397,4.6047535,4.4772744,4.398903,4.4518566,4.5787444,4.603348,4.6367455,4.8178506,5.320042,5.943615,6.263938,5.8246427,5.2805834,4.997472,4.8830366,4.8386574,4.634989,4.3817487,4.221438,4.136942,4.1267667,4.209141,4.443732,4.7736278,4.8842487,4.919997,4.8690042,4.852245,4.850293,4.856333,4.8999987,4.945512,5.050548,5.1575174,5.2661014,5.3833733,5.49392,5.535846,5.522825,5.468737,5.427638,5.43316,5.391927,5.345124,5.2883787,5.0740395,4.874291,4.7282166,4.6112723,4.6382327,4.771531,4.6835246,4.274474,3.413215,2.5465496,2.0992513,2.3162982,2.5057685,2.5209632,2.3956964,2.327564,2.808919,3.042613,3.469751,3.6645443,3.4439347,3.0724883,2.8277771,2.7767184,2.7796788,2.6379263,2.3764346
71.15775201158739,2.525022,2.3618584,2.234911,2.1321726,2.050108,2.0472047,2.144506,2.3308265,2.6089861,2.7527263,2.808364,2.6583948,2.5820384,2.6872995,2.9412405,3.373783,3.9171402,4.489837,5.053095,5.5781627,6.051714,6.3700886,6.4858847,6.3956246,6.0708055,5.763515,5.6349716,5.564526,5.5074,5.4009333,5.2355103,5.0393515,4.8258815,4.6732802,4.603456,4.6180334,4.681063,4.755009,4.7907867,4.8188243,4.876374,4.929958,4.9375644,4.8712144,4.783884,4.7707496,4.7966805,4.9314356,4.9829607,5.00768,5.0028033,5.1172986,5.284438,5.4266953,5.6267343,5.7421694,5.815753,5.937619,5.925651,5.892085,5.898766,5.9582334,6.0889387,6.3269215,6.594896,6.835441,6.921105,6.786162,6.6310816,6.6023264,6.6409535,6.553411,6.317459,6.174415,6.168239,6.1193905,6.116955,6.1139445,6.1583066,6.228125,6.222245,6.1283636,5.959144,5.779767,5.620297,5.5801415,5.5808797,5.5123997,5.564199,5.695237,5.9203725,6.25622,6.524685,6.464388,6.030865,5.744129,5.5797524,5.5049467,5.460967,5.3177724,5.127552,4.826455,4.750811,4.819272,4.9308515,4.930459,4.7751193,4.387178,3.822824,2.9397163,2.241634,2.1866088,2.426707,2.762638,2.9890335,2.8560839,2.482641,2.173261,2.3238103,2.9711573,3.8522391,4.227311,3.7994483,3.257383,2.8943114,2.7576725,2.7343965,2.6701913
73.94751515398974,2.6817565,2.6460397,2.5715692,2.466237,2.369452,2.347203,2.438873,2.5986595,2.713453,2.7809713,2.8406255,2.9444726,3.1262755,3.375052,3.6486893,3.9427328,4.3304906,4.845158,5.4068465,5.9432874,6.4847655,6.9178085,7.0414233,6.983608,6.860295,6.6760106,6.561665,6.4077115,6.233872,5.9879913,5.7916636,5.664166,5.5524335,5.524042,5.530572,5.541395,5.553148,5.5301604,5.51917,5.5346265,5.6102347,5.733643,5.812517,5.8953166,5.839936,5.866735,5.933362,5.9788723,6.014074,6.0807195,6.189432,6.303962,6.372044,6.3620443,6.3436437,6.3413777,6.3601403,6.401445,6.437374,6.4704967,6.5210757,6.6036944,6.7130632,6.8443303,6.958466,7.0171185,7.049373,7.071316,7.1020713,7.112989,7.0918984,7.017461,6.906175,6.7997065,6.7202888,6.655611,6.5855184,6.5064793,6.4368496,6.38841,6.3612604,6.3485928,6.326311,6.259972,6.189454,6.2053914,6.285488,6.4459596,6.582854,6.6491904,6.6537924,6.817842,6.791907,6.54809,6.3736086,6.1831927,6.0271664,5.899407,5.7119493,5.444432,5.1673894,5.0250773,5.042924,5.08874,5.047018,4.792824,4.3538213,3.8846858,3.256863,2.6464,2.53674,2.5225818,2.6520576,2.9059474,3.1569076,3.195364,2.9828982,2.6459558,2.3879297,2.7427013,3.5228472,4.402416,4.646547,4.259348,3.6403387,3.1491048,2.8471532,2.7197044
76.7368996803684,2.97854,2.7373195,2.6987903,2.840574,3.1674764,3.7707963,4.499549,5.005003,5.3431396,5.5725584,5.6195583,5.622564,5.6994295,5.8194613,5.941217,6.045218,6.1620965,6.311513,6.503181,6.742836,6.971896,7.176304,7.3670297,7.457834,7.4669986,7.548172,7.4381647,7.2376165,7.003466,6.7667913,6.5365143,6.327038,6.1695347,6.062955,6.0090656,5.991669,6.0601077,6.149457,6.2584534,6.3241262,6.430678,6.487042,6.468271,6.4286466,6.397304,6.3704476,6.3474984,6.3184886,6.2863297,6.2477565,6.2550745,6.267958,6.2883945,6.339754,6.388683,6.4581285,6.5326424,6.6165805,6.7088056,6.7958617,6.8731623,6.9375987,6.992255,7.044374,7.085234,7.1170583,7.1438394,7.164377,7.1764965,7.1733627,7.148731,7.1088347,7.06102,7.012001,6.9654083,6.919135,6.8686833,6.812952,6.752626,6.6849294,6.616218,6.5535216,6.5067916,6.4850593,6.477461,6.5188518,6.585324,6.695988,6.764275,6.8144026,6.861494,6.8820224,6.7953677,6.61858,6.375167,6.0739274,5.7623076,5.448345,5.1829925,4.92729,4.6288757,4.555354,4.41538,4.208359,3.8342102,3.5042696,3.2349539,2.9636416,2.779512,2.8216383,2.8792782,3.011892,3.1990256,3.3858013,3.491804,3.4080927,3.1298568,2.7400448,2.4633849,2.545104,3.0755537,4.0997314,5.1813164,5.5457983,5.495793,4.917836,4.135577,3.4481225
79.52560657265951,4.6169343,4.2203274,4.121353,4.256283,4.986003,5.625201,6.1024904,6.4921827,6.8627276,7.0347347,7.1223364,7.163094,7.1936784,7.2567124,7.358833,7.4672575,7.559794,7.664577,7.760277,7.8316154,7.899133,7.9914207,8.12313,8.252815,8.344369,8.364405,8.297067,8.151851,7.957471,7.7314763,7.489678,7.2371006,6.9974904,6.824228,6.7302113,6.786694,6.95934,7.088037,7.242326,7.317355,7.314011,7.256464,7.1704197,7.0674787,6.972645,6.8820515,6.8073554,6.752828,6.7093587,6.676972,6.662516,6.67425,6.7022476,6.7419925,6.790765,6.843016,6.893777,6.9373894,6.975114,7.010042,7.042431,7.0779796,7.1174407,7.1532755,7.179645,7.197775,7.2037206,7.2052116,7.2018733,7.198977,7.197549,7.190438,7.1747813,7.147081,7.1039386,7.048396,6.9883676,6.933413,6.8904867,6.8608627,6.8390737,6.818096,6.790143,6.7523766,6.707478,6.6685715,6.645993,6.64295,6.6426134,6.694139,6.6988225,6.645871,6.482372,6.305013,6.0096636,5.5903897,5.3019557,5.0931687,4.9572277,4.8827515,4.8370857,4.711871,4.6115294,4.5258703,4.3207145,3.941602,3.4954102,3.1672792,3.0116856,2.9507997,2.9561992,3.0237255,3.117415,3.1905084,3.2072232,3.146188,3.0327172,2.9239519,2.9390872,3.1932065,3.6321416,4.3796067,5.2615323,5.7093925,5.929066,5.853684,5.573073,5.1522975
82.31291294788636,6.505663,6.5016766,6.5420127,6.608206,6.7158213,6.8358006,6.9629874,7.0547867,7.1274805,7.1744256,7.197108,7.2196364,7.2416716,7.2706175,7.3070393,7.344759,7.380433,7.41965,7.4601707,7.4949884,7.5168457,7.5518374,7.600381,7.6686263,7.7842464,7.8622828,7.9175506,7.9285808,7.904259,7.8645587,7.8175797,7.765642,7.703589,7.6432333,7.626777,7.638696,7.640008,7.6341023,7.6184096,7.592589,7.556879,7.5058584,7.4485774,7.388931,7.3294945,7.2783885,7.2345557,7.1973968,7.169183,7.148974,7.134723,7.125728,7.119467,7.117115,7.117464,7.1205263,7.1265893,7.1353993,7.1481056,7.163132,7.1803603,7.197146,7.2087,7.2153473,7.2163916,7.209022,7.1972566,7.1828656,7.167915,7.1549454,7.1445622,7.1369143,7.1312556,7.126722,7.120642,7.112944,7.1009026,7.082797,7.057269,7.022886,6.9798136,6.9310327,6.878697,6.8291445,6.789821,6.7652793,6.757698,6.7635264,6.773751,6.775473,6.752278,6.6945314,6.5972056,6.4622903,6.3055897,6.1047273,5.8854322,5.7809443,5.6165423,5.597206,5.6375217,5.6959167,5.753186,5.799251,5.943594,5.8772273,5.7450447,5.5819626,5.2018037,4.9191957,4.7019906,4.5143723,4.377468,4.173206,4.1365943,4.159478,4.32649,4.5209446,4.7313647,5.0119653,5.3120537,5.7783895,6.055228,6.107619,6.4027886,6.490031,6.5167627,6.5098605
85.09652698831745,6.948416,6.9402895,6.9377317,6.936815,6.94723,6.961189,6.9778175,7.006617,7.027356,7.05981,7.086053,7.115158,7.141285,7.165298,7.187149,7.2039475,7.2197948,7.232212,7.241721,7.2498217,7.259606,7.2644806,7.276609,7.2861824,7.2985435,7.31345,7.326658,7.3413754,7.355106,7.367085,7.378155,7.3868155,7.3924685,7.3969493,7.398266,7.3992968,7.3988094,7.396853,7.39478,7.390533,7.3861685,7.381053,7.374155,7.3667154,7.3589363,7.3496175,7.33847,7.327145,7.314909,7.301841,7.2874203,7.273283,7.260477,7.2493944,7.239465,7.232028,7.227028,7.224436,7.223634,7.224121,7.22555,7.2278557,7.2302694,7.231444,7.2315445,7.231025,7.2296247,7.225777,7.2220225,7.2171664,7.2097764,7.2023764,7.1913924,7.1787515,7.1615252,7.141771,7.1180797,7.0928173,7.064521,7.0375447,7.012093,6.9886312,6.9717975,6.9601903,6.9540153,6.954759,6.9573846,6.9622803,6.9648705,6.9615607,6.9528046,6.933693,6.906617,6.8744354,6.8374624,6.8032193,6.774081,6.755092,6.7474284,6.7543645,6.77549,6.8035507,6.8415375,6.8779755,6.9134393,6.942356,6.957918,6.9652524,6.9637046,6.9496884,6.929738,6.9096355,6.8905873,6.873703,6.860508,6.8549123,6.8679624,6.8888297,6.9085317,6.932184,6.9539924,6.9718513,6.9841332,6.989785,6.9890428,6.984366,6.9751287,6.96277
87.86379883923273,7.185625,7.1916537,7.195742,7.199667,7.2041535,7.2093334,7.2137775,7.2150755,7.2153835,7.218274,7.2212234,7.22324,7.224017,7.225221,7.225936,7.2263446,7.2277126,7.228534,7.2297215,7.2306037,7.2312174,7.231899,7.2360115,7.2372956,7.23888,7.243104,7.2463493,7.2488413,7.254065,7.258841,7.2635016,7.2700977,7.2750373,7.2793703,7.2847805,7.2913055,7.2972703,7.302373,7.3066006,7.3105493,7.313586,7.316281,7.3181534,7.3196893,7.319729,7.3187337,7.3173404,7.3148537,7.312173,7.3084784,7.3040624,7.299458,7.2941685,7.289612,7.2830534,7.278576,7.2729573,7.267535,7.2624006,7.257027,7.252134,7.2475805,7.242656,7.238571,7.2338395,7.22934,7.224531,7.220011,7.2153378,7.209986,7.2049375,7.1997395,7.1944075,7.188602,7.184035,7.180376,7.17603,7.1716104,7.1684065,7.165076,7.1627326,7.1617303,7.1606984,7.1596117,7.160005,7.1603866,7.1574187,7.1579657,7.158058,7.1569743,7.1554384,7.1533504,7.150778,7.147515,7.1441627,7.139905,7.1339893,7.127644,7.1213493,7.114927,7.108978,7.1027303,7.0953393,7.088517,7.0827622,7.0780754,7.074585,7.07179,7.0697274,7.0689373,7.069579,7.0709276,7.0739493,7.077433,7.0817766,7.086954,7.093387,7.0988092,7.1074877,7.114707,7.1238713,7.1320477,7.1406455,7.148707,7.1560717,7.1638584,7.1707277,7.1785946
